symbol,sector,sector_compliant,financial_compliant,shariah_compliant,debt_to_assets_ok,interest_income_ok,interest_bearing_debt_ok,profitability_ok,equity_ok,debt_to_assets_value,interest_income_value,interest_bearing_debt_value,roa_value,equity_ratio_value
AALI,Agriculture,1,1,1,True,True,True,True,True,0.2670227195951176,0.0,0.2670227195951176,0.0480488183705216,0.7329772804048824
ABBA,Other,1,0,0,False,True,False,True,True,1.0108173764131128,0.0,1.0108173764131128,-0.094502153911708,-0.010817376413112827
ABMM,Other,1,0,0,False,True,False,True,True,0.6843210218465094,0.0,0.6843210218465094,0.1118160399737359,0.31567897815348395
ACES,Manufacturing,1,1,1,True,True,True,True,True,0.2159693528076658,0.0,0.2159693528076658,0.0970322807676234,0.7840306471923342
ACST,Other,1,0,0,False,True,False,False,True,0.7555189506150264,0.0,0.7555189506150264,-0.2670091796803569,0.24448104938497361
ADCP,Other,1,0,0,False,True,False,True,True,0.6146359734212945,0.0,0.6146359734212945,0.0205250714560361,0.38536402657870555
ADES,Other,1,1,1,True,True,True,True,True,0.2100041326981513,0.0,0.2100041326981513,0.1939243163988365,0.7899958673018487
ADHI,Chemicals,1,0,0,False,True,False,True,True,0.8152671959119997,0.0,0.8152671959119997,0.0023626797905117,0.18473280408800033
ADMF,Other,1,0,0,False,True,False,True,True,0.6498773696286151,0.0,0.6498773696286151,0.0531918172415085,0.35012263037138486
ADMR,Other,1,0,0,False,True,False,True,True,0.5686111629716769,0.0,0.5686111629716769,0.1873961042288037,0.43138883702831476
ADRO,Oil & Gas,1,1,1,True,True,True,True,True,0.365591031220048,0.0,0.365591031220048,0.1480526648103311,0.6344089687799509
AGII,Other,1,0,0,False,True,False,True,True,0.542994728319723,0.0,0.542994728319723,0.0171438705153444,0.45700527168027705
AISA,Food & Beverage,1,0,0,False,True,False,True,True,0.5396114796272793,0.0,0.5396114796272793,0.1567040671611487,0.46038852037272077
AKPI,Other,1,0,0,False,True,False,True,True,0.520179795556874,0.0,0.520179795556874,0.0293867328928699,0.47982020444312595
AKRA,Retail,1,0,0,False,True,False,True,True,0.5076690907754847,0.0,0.5076690907754847,0.0724671117216682,0.4923309092245152
ALDO,Other,1,0,0,False,True,False,True,True,0.4769917421241645,0.0,0.4769917421241645,0.0354514552338477,0.5230082578758355
ALMI,Other,1,0,0,False,True,False,False,True,0.7726638485913022,0.0,0.7726638485913022,-0.100444394552979,0.227336151408575
AMAN,Other,1,1,1,True,True,True,True,True,0.3072185359488573,0.0,0.3072185359488573,0.0388994136244317,0.6927814640511427
AMFG,Other,1,0,0,False,True,False,True,True,0.5323761452183161,0.0,0.5323761452183161,0.0299466737077817,0.46762385478168383
AMMN,Other,1,0,0,False,True,False,True,True,0.4954701254435521,0.0,0.4954701254435521,0.0684335913092767,0.5045298745564464
AMOR,Other,1,1,1,True,True,True,True,True,0.192303202511488,0.0,0.192303202511488,0.2631426042543874,0.807696797488512
AMRT,Retail,1,0,0,False,True,False,True,True,0.626141036661821,0.0,0.626141036661821,0.078137625080702,0.37385896333817903
ANDI,Other,1,0,0,False,True,False,True,True,0.4836027729925704,0.0,0.4836027729925704,-0.0448583318043346,0.5163972270074296
ANJT,Other,1,1,1,True,True,True,True,True,0.3316170729553072,0.0,0.3316170729553072,0.025543492732662,0.6683829270446767
ANTM,Mining,1,1,1,True,True,True,True,True,0.3286231684612781,0.0,0.3286231684612781,0.0702147480597323,0.671376831538722
APEX,Other,1,0,0,False,True,False,True,True,0.6794145865118202,0.0,0.6794145865118202,-0.0147591082801519,0.32058541348814684
APIC,Other,1,0,0,False,True,False,True,True,0.6402119611390389,0.0,0.6402119611390389,0.0187746060256146,0.35978803886096117
APLN,Real Estate,1,0,0,False,True,False,True,True,0.5911341090701513,0.0,0.5911341090701513,0.0195851420875612,0.4088658909298487
ARCI,Other,1,0,0,False,True,False,True,True,0.7021639674177297,0.0,0.7021639674177297,0.0809686915359732,0.29783603258225605
ARGO,Other,1,0,0,False,True,False,True,False,1.847903972364516,0.0,1.847903972364516,-0.0529989198752473,-0.8479039723645156
ARII,Other,1,0,0,False,True,False,True,True,0.8777891509403355,0.0,0.8777891509403355,0.0040755894107327,0.12221084905964101
ARKO,Other,1,0,0,False,True,False,True,True,0.66326665265518,0.0,0.66326665265518,0.035193114172026,0.33673334734481997
ARNA,Other,1,1,1,True,True,True,True,True,0.302436805700387,0.0,0.302436805700387,0.1928585310300449,0.697563194299613
ARTI,Other,1,0,0,False,True,False,False,True,1.094900779009729,0.0,1.094900779009729,-0.4140312162634348,-0.09490077900972893
ASII,Insurance,1,1,1,True,True,True,True,True,0.4214044193315393,0.0,0.4214044193315393,0.0633708109351929,0.5785955806684606
ASLC,Other,1,1,1,True,True,True,True,True,0.3660217816528588,0.0,0.3660217816528588,0.0197684496062928,0.6339782183471411
ASRI,Other,1,0,0,False,True,False,True,True,0.5343451017741004,0.0,0.5343451017741004,0.0095378464979842,0.46565489822589956
ASSA,Other,1,0,0,False,True,False,True,True,0.692729169039671,0.0,0.692729169039671,0.0180169480779041,0.30727083096032903
ATIC,Other,1,0,0,False,True,False,True,True,0.9459919496360086,0.0,0.9459919496360086,-0.0324249128354035,0.05400805036399139
ATLA,Other,1,0,0,False,True,False,True,True,0.566937311744761,0.0,0.566937311744761,0.1449872777299802,0.43306268825523886
AUTO,Other,1,1,1,True,True,True,True,True,0.2783006653454508,0.0,0.2783006653454508,0.0538360342939223,0.7216993346545492
AVIA,Other,1,1,1,True,True,True,True,True,0.1319542597149784,0.0,0.1319542597149784,0.1450372803891975,0.8680457402850216
BAJA,Other,1,0,0,False,True,False,True,True,0.8072677143919175,0.0,0.8072677143919175,0.0132534060511142,0.19273228560808253
BALI,Infrastructure,1,0,0,False,True,False,True,True,0.5340750811772024,0.0,0.5340750811772024,0.0312001751955808,0.46592491882279763
BAPA,Other,1,1,1,True,True,True,True,True,0.0559993278594095,0.0,0.0559993278594095,-0.0223833174976994,0.9440006721405904
BATA,Other,1,0,0,True,True,True,False,True,0.430967940285589,0.0,0.430967940285589,-0.1556057659657292,0.5690320597144111
BBLD,Other,1,0,0,False,True,False,True,True,0.7150346082160087,0.0,0.7150346082160087,0.0133139388239553,0.28496539178399133
BBRM,Other,1,0,0,False,True,False,True,True,0.6089352342754352,0.0,0.6089352342754352,-0.0935169070345265,0.3910647657242787
BCAP,Other,1,0,0,False,True,False,True,True,0.7326884335803819,0.0,0.7326884335803819,0.004361381228003,0.26731156641961806
BCIP,Media,1,0,0,False,True,False,True,True,0.4881558304103527,0.0,0.4881558304103527,0.011613013267829,0.5118441695896473
BDKR,Other,1,0,0,False,True,False,True,True,0.4958882542937404,0.0,0.4958882542937404,0.0409005126152981,0.5041117457062596
BEEF,Other,1,0,0,False,True,False,False,True,1.1102375297450306,0.0,1.1102375297450306,-0.2140737874949303,-0.11023752974503069
BELI,Other,1,0,0,True,True,True,False,True,0.4291012043625096,0.0,0.4291012043625096,-0.2743706345375595,0.5708987956374904
BEST,Other,1,1,1,True,True,True,True,True,0.2875146568059848,0.0,0.2875146568059848,-0.0046393524711396,0.7124853431940151
BFIN,Other,1,0,0,False,True,False,True,True,0.5792964500762592,0.0,0.5792964500762592,0.0688332356076075,0.4207035499237408
BHAT,Other,1,1,1,True,True,True,True,True,0.3934669293539792,0.0,0.3934669293539792,0.0076779626920967,0.6065330706460208
BHIT,Other,1,1,1,True,True,True,True,True,0.4358404327697673,0.0,0.4358404327697673,0.0069586758643264,0.5641595672302326
BIPI,Other,1,0,0,False,True,False,True,True,0.6127075767589121,0.0,0.6127075767589121,0.0101619745919231,0.38729242324107915
BIPP,Other,1,0,0,False,True,False,True,True,0.4512745854496134,0.0,0.4512745854496134,-0.0001906505430057,0.5487254145503865
BIRD,Other,1,1,1,True,True,True,True,True,0.2457014538757516,0.0,0.2457014538757516,0.023219540163536,0.7542985461242484
BISI,Other,1,1,1,True,True,True,True,True,0.1254617506876389,0.0,0.1254617506876389,0.1328626364405446,0.874538249312361
BKDP,Other,1,1,1,True,True,True,True,True,0.4405176522263851,0.0,0.4405176522263851,-0.0437955625693239,0.5594823477736148
BKSL,Banking,1,1,1,True,True,True,True,True,0.3550564033991148,0.0,0.3550564033991148,-0.0024871918793508,0.6449435966008852
BLTA,Other,1,0,0,False,True,False,True,True,0.490918816481425,0.0,0.490918816481425,0.0971638283352335,0.5090811835184462
BMHS,Other,1,1,1,True,True,True,True,True,0.4130296053716805,0.0,0.4130296053716805,0.0371326671181814,0.5869703946283196
BMSR,Other,1,0,0,False,True,False,True,True,0.5941189558855579,0.0,0.5941189558855579,0.1520790988576836,0.4058810441144421
BMTR,Other,1,1,1,True,True,True,True,True,0.302796084046304,0.0,0.302796084046304,0.0340161540207542,0.697203915953696
BNBR,Other,1,0,0,False,True,False,True,True,0.8711366909718454,0.0,0.8711366909718454,-0.0067366583994413,0.12886330902815457
BOLA,Other,1,1,1,True,True,True,True,True,0.0973589107807158,0.0,0.0973589107807158,0.069138116131774,0.9026410892192841
BOLT,Other,1,1,1,True,True,True,True,True,0.3921070469022464,0.0,0.3921070469022464,0.023346073072835,0.6078929530977537
BOSS,Other,1,0,0,False,True,False,False,True,1.015621148437361,0.0,1.015621148437361,-0.1210369248179331,-0.015621148437360935
BPII,Other,1,0,0,False,True,False,True,True,0.550930043505387,0.0,0.550930043505387,0.070820621524821,0.449069956494613
BRAM,Other,1,1,1,True,True,True,True,True,0.2419255476699748,0.0,0.2419255476699748,0.059798009434558,0.7580744523299902
BREN,Other,1,0,0,False,True,False,True,True,0.7872740236234538,0.0,0.7872740236234538,0.0254709785712399,0.21272597637654328
BRMS,Other,1,1,1,True,True,True,True,True,0.1235915304009769,0.0,0.1235915304009769,0.0327433586580199,0.8764084695990116
BRNA,Other,1,0,0,False,True,False,True,True,0.6010022191303419,0.0,0.6010022191303419,-0.0833117652041295,0.3989977808696581
BRPT,Other,1,0,0,False,True,False,True,True,0.5852382997973017,0.0,0.5852382997973017,0.0049371870715026,0.4147617002026972
BSBK,Other,1,0,0,False,True,False,True,True,0.4719518825912549,0.0,0.4719518825912549,0.0965391585099003,0.5280481174087451
BSDE,Real Estate,1,1,1,True,True,True,True,True,0.4113470889204633,0.0,0.4113470889204633,0.0236423732515698,0.5886529110795367
BSSR,Other,1,1,1,True,True,True,True,True,0.4008056957545087,0.0,0.4008056957545087,0.4218724745930152,0.5991943042454648
BTEK,Other,1,0,0,False,True,False,True,True,0.6665342353351095,0.0,0.6665342353351095,-0.0520373417027444,0.33346576466489053
BTEL,Other,1,0,0,False,True,False,False,False,400.5927677620898,0.0,400.5927677620898,-5.3457651966002855,-399.59276776208986
BUDI,Other,1,0,0,False,True,False,True,True,0.5387425566247184,0.0,0.5387425566247184,0.026934458803945,0.46125744337528163
BUKA,Other,1,1,1,True,True,True,True,True,0.0701677064969097,0.0,0.0701677064969097,-0.0290514339735247,0.9298322935030903
BUKK,Other,1,1,1,True,True,True,True,True,0.4154206825503263,0.0,0.4154206825503263,0.0821647282694288,0.5845793174496736
BULL,Other,1,0,0,False,True,False,True,True,0.6664957192596753,0.0,0.6664957192596753,-0.0953095374402863,0.3335042807403063
BUMI,Mining,1,0,0,False,True,False,True,True,0.6100876011330344,0.0,0.6100876011330344,0.0240840104159668,0.3899123988669631
BUVA,Other,1,0,0,False,True,False,False,True,0.8316134507680528,0.0,0.8316134507680528,-0.1807592177652638,0.16838654923194715
BWPT,Construction,1,0,0,False,True,False,True,True,0.802341740146556,0.0,0.802341740146556,-0.0462517046500871,0.197658259853444
BYAN,Other,1,1,1,True,True,True,True,True,0.4146253152042456,0.0,0.4146253152042456,0.4333187827558069,0.5853746847957508
CAMP,Other,1,1,1,True,True,True,True,True,0.1169897143351332,0.0,0.1169897143351332,0.089161462715692,0.8830102856648667
CARE,Other,1,1,1,True,True,True,True,True,0.1955808290121983,0.0,0.1955808290121983,-0.0114827669023947,0.8044191709878017
CARS,Other,1,0,0,False,True,False,True,True,0.8325046736401679,0.0,0.8325046736401679,-0.0628688295209108,0.16749532635983208
CASS,Construction,1,0,0,False,True,False,True,True,0.5749871241724852,0.0,0.5749871241724852,0.0422234127476468,0.4250128758275148
CBUT,Other,1,0,0,False,True,False,True,True,0.8629745768393967,0.0,0.8629745768393967,0.0440531015994454,0.1370254231606033
CENT,Other,1,0,0,False,True,False,True,True,0.9171616097286912,0.0,0.9171616097286912,-0.0624844264595512,0.08283839027130883
CFIN,Other,1,1,1,True,True,True,True,True,0.4392193732324277,0.0,0.4392193732324277,0.0338482523342314,0.5607806267675722
CGAS,Other,1,0,0,False,True,False,True,True,0.5119860301576821,0.0,0.5119860301576821,0.0199101348144364,0.48801396984231804
CHIP,Other,1,0,0,False,True,False,True,True,0.6045578145883985,0.0,0.6045578145883985,0.1204734332475069,0.39544218541160137
CITA,Other,1,1,1,True,True,True,True,True,0.1417377822810736,0.0,0.1417377822810736,0.1384069575750013,0.8582622177189264
CLEO,Food & Beverage,1,1,1,True,True,True,True,True,0.3192891892194699,0.0,0.3192891892194699,0.1189783520746902,0.6807108107805301
CLPI,Other,1,1,1,True,True,True,True,True,0.2988754926768646,0.0,0.2988754926768646,0.0565193906190071,0.7011245073231354
CMNP,Other,1,1,1,True,True,True,True,True,0.3717558672496409,0.0,0.3717558672496409,0.0434334592524603,0.6282441327503592
CMNT,Other,1,0,0,False,True,False,True,True,0.801934963664784,0.0,0.801934963664784,0.010279954523147,0.19806503633521602
CMPP,Other,1,0,0,False,True,False,False,False,1.9001142440823369,0.0,1.9001142440823369,-0.4075176948003491,-0.9001142440823369
CMRY,Other,1,1,1,True,True,True,True,True,0.1668125953093055,0.0,0.1668125953093055,0.1637942095026975,0.8331874046906945
CNKO,Other,1,0,0,False,True,False,False,False,2.18747121937316,0.0,2.18747121937316,-0.1027640784343694,-1.1874712193731602
CNMA,Other,1,1,1,True,True,True,True,True,0.4094580214389449,0.0,0.4094580214389449,0.009453051835412,0.5905419785610551
CPIN,Other,1,1,1,True,True,True,True,True,0.3090957357483536,0.0,0.3090957357483536,0.0862138931581598,0.6909042642516463
CPRO,Other,1,0,0,False,True,False,True,True,0.614484984770226,0.0,0.614484984770226,0.1271829015282389,0.3855150152297741
CSAP,Retail,1,0,0,False,True,False,True,True,0.7217969725481661,0.0,0.7217969725481661,0.0187029779667505,0.27820302745183395
CSMI,Other,1,0,0,False,True,False,False,True,0.8037535485763371,0.0,0.8037535485763371,-0.1704098572659378,0.19624645142366273
CTBN,Other,1,1,1,True,True,True,True,True,0.3454841119596378,0.0,0.3454841119596378,-0.0123813132476582,0.6545158880402921
CTRA,Real Estate,1,0,0,False,True,False,True,True,0.5153207751064801,0.0,0.5153207751064801,0.0407329128283283,0.4846792248935199
CTTH,Other,1,0,0,False,True,False,True,True,0.7126186803726386,0.0,0.7126186803726386,-0.0373571655246602,0.2873813196273613
CUAN,Other,1,1,1,True,True,True,True,True,0.4347266631199707,0.0,0.4347266631199707,0.093025206314446,0.5652733368799518
DART,Other,1,0,0,False,True,False,True,True,0.6197431930750221,0.0,0.6197431930750221,-0.0624926410017841,0.3802568069249779
DCII,Other,1,0,0,False,True,False,True,True,0.5352185647843325,0.0,0.5352185647843325,0.1076668609269975,0.4647814352156675
DEAL,Other,1,0,0,False,True,False,False,True,1.0114027215362178,0.0,1.0114027215362178,-0.1501531112149113,-0.011402721536217861
DEPO,Other,1,1,1,True,True,True,True,True,0.3835327026645049,0.0,0.3835327026645049,0.0623917948203123,0.616467297335495
DEWA,Oil & Gas,1,0,0,False,True,False,True,True,0.5558802691272158,0.0,0.5558802691272158,-0.0054553903450641,0.4441197308727841
DFAM,Other,1,0,0,False,True,False,True,True,0.7768715351321523,0.0,0.7768715351321523,-0.0565218236963876,0.22312846486784765
DGIK,Other,1,1,1,True,True,True,True,True,0.3559259832133542,0.0,0.3559259832133542,0.0066534363940892,0.6440740167866458
DILD,Other,1,0,0,False,True,False,True,True,0.6062675516523724,0.0,0.6062675516523724,0.0026168239473606,0.3937324483476276
DIVA,Other,1,1,1,True,True,True,True,True,0.1179652265301056,0.0,0.1179652265301056,0.0076296900781301,0.8820347734698943
DKFT,Other,1,0,0,False,True,False,True,True,0.8090658752580306,0.0,0.8090658752580306,-0.0235708092491531,0.1909341247419693
DMAS,Real Estate,1,1,1,True,True,True,True,True,0.1420867810712655,0.0,0.1420867810712655,0.1713012923604326,0.8579132189287345
DMMX,Other,1,1,1,True,True,True,True,True,0.1631468858953945,0.0,0.1631468858953945,0.0033598165133382,0.8368531141046054
DMND,Other,1,1,1,True,True,True,True,True,0.199933104309018,0.0,0.199933104309018,0.0490467284485725,0.800066895690982
DNET,Other,1,1,1,True,True,True,True,True,0.3747201080989008,0.0,0.3747201080989008,0.0434949044880122,0.6252798919010992
DOID,Other,1,0,0,False,True,False,True,True,0.8252635076660718,0.0,0.8252635076660718,0.0068514922377938,0.17473649233392152
DPUM,Other,1,0,0,False,True,False,False,True,0.5702504891872595,0.0,0.5702504891872595,-0.1187330911926999,0.42974951081274054
DRMA,Other,1,0,0,False,True,False,True,True,0.5064053995480416,0.0,0.5064053995480416,0.1296835008129953,0.49359460045195835
DSNG,Other,1,0,0,False,True,False,True,True,0.4897935236337954,0.0,0.4897935236337954,0.0547219862943936,0.5102064763662045
DSSA,Other,1,0,0,False,True,False,True,True,0.4752732660161841,0.0,0.4752732660161841,0.0680207216344562,0.5247267339838133
DUTI,Other,1,1,1,True,True,True,True,True,0.2693428984684377,0.0,0.2693428984684377,0.050310798091733,0.7306571015315623
DVLA,Other,1,1,1,True,True,True,True,True,0.3178509945228215,0.0,0.3178509945228215,0.0744415656239367,0.6821490054771785
DWGL,Other,1,0,0,False,True,False,True,True,0.9267518517987692,0.0,0.9267518517987692,0.0285390175913861,0.07324814820123086
DYAN,Other,1,0,0,False,True,False,True,True,0.4924090919685242,0.0,0.4924090919685242,-0.0792689856945475,0.5075909080314759
ECII,Other,1,1,1,True,True,True,True,True,0.2848525493819704,0.0,0.2848525493819704,0.0019411441201972,0.7151474506180295
EDGE,Other,1,1,1,True,True,True,True,True,0.3439146669413611,0.0,0.3439146669413611,0.1115676313191479,0.6560853330586388
ELPI,Other,1,1,1,True,True,True,True,True,0.1775805103507265,0.0,0.1775805103507265,0.0632988790671656,0.8224194896492735
ELSA,Mining,1,0,0,False,True,False,True,True,0.5170080261168488,0.0,0.5170080261168488,0.0372801769205888,0.4829919738831512
ELTY,Other,1,1,1,True,True,True,True,True,0.2877187758153185,0.0,0.2877187758153185,-0.0420154470282592,0.7122812241846814
EMDE,Other,1,0,0,False,True,False,True,True,0.6112121832843367,0.0,0.6112121832843367,0.0470741930078559,0.3887878167156633
EMTK,Real Estate,1,1,1,True,True,True,True,True,0.1330192331020164,0.0,0.1330192331020164,0.0907909752371583,0.8669807668979835
ENAK,Other,1,0,0,False,True,False,True,True,0.7800473109444932,0.0,0.7800473109444932,-0.0184639784763896,0.21995268905550683
ENRG,Other,1,0,0,False,True,False,True,True,0.6061563624638706,0.0,0.6061563624638706,0.0512296304414286,0.3938436375361204
ENVY,Other,1,0,0,True,True,True,False,True,0.4460429351807612,0.0,0.4460429351807612,-0.7751257819030385,0.5539570648192386
EPMT,Other,1,1,1,True,True,True,True,True,0.3091331798016713,0.0,0.3091331798016713,0.0760427140165758,0.6908668201983287
ERAA,Other,1,0,0,False,True,False,True,True,0.5426138946871805,0.0,0.5426138946871805,0.0576359706406171,0.45738610531281954
ERAL,Other,1,1,1,True,True,True,True,True,0.3560194469850776,0.0,0.3560194469850776,0.1305816617956313,0.6439805530149223
ESSA,Other,1,0,0,False,True,False,True,True,0.4771017917343872,0.0,0.4771017917343872,0.053802425909679,0.5228982082656
ETWA,Other,1,0,0,False,True,False,False,False,1.2596195257798684,0.0,1.2596195257798684,-0.1111840907448883,-0.25961952577986824
EXCL,Other,1,0,0,False,True,False,True,True,0.7099347959395791,0.0,0.7099347959395791,0.0128064017763196,0.29006520406042097
FAPA,Other,1,0,0,False,True,False,True,True,0.5803282067700162,0.0,0.5803282067700162,0.0341540021846697,0.4196717932299838
FAST,Food & Beverage,1,0,0,False,True,False,True,True,0.6788132916908051,0.0,0.6788132916908051,-0.0684295284318355,0.3211867083091948
FASW,Other,1,0,0,False,True,False,True,True,0.619537504664274,0.0,0.619537504664274,0.0092516543865832,0.380462495335726
FILM,Other,1,1,1,True,True,True,True,True,0.0390139525006868,0.0,0.0390139525006868,0.0389442817151304,0.9609860474993132
FIRE,Other,1,1,1,True,True,True,True,True,0.3897073954627537,0.0,0.3897073954627537,-0.0713583218133077,0.6102926045372463
FISH,Other,1,0,0,False,True,False,True,True,0.674864922266322,0.0,0.674864922266322,0.0535991206144745,0.3251350777336575
FMII,Other,1,1,1,True,True,True,True,True,0.2115281049284402,0.0,0.2115281049284402,0.0127430420549983,0.7884718950715598
FREN,Technology,1,0,0,False,True,False,True,True,0.6747795172456214,0.0,0.6747795172456214,-0.0057818950057102,0.3252204827543786
GDST,Other,1,0,0,False,True,False,True,True,0.4713080215374376,0.0,0.4713080215374376,0.0459730054692323,0.5286919784625623
GEMA,Other,1,0,0,False,True,False,True,True,0.6328219302413919,0.0,0.6328219302413919,0.0066046472584639,0.3671780697586081
GEMS,Other,1,0,0,False,True,False,True,True,0.5379104673502867,0.0,0.5379104673502867,0.4017479993347581,0.4620895326497035
GGRM,Tobacco,0,1,0,True,True,True,True,True,0.3225933478477475,0.0,0.3225933478477475,0.0611660246637205,0.6774066521522525
GGRP,Other,1,1,1,True,True,True,True,True,0.2971648343546934,0.0,0.2971648343546934,0.033032640183636,0.7028351656452977
GIAA,Other,1,0,0,False,True,False,True,False,1.3512934613833474,0.0,1.3512934613833474,-0.0844854171773211,-0.35129346138334866
GJTL,Manufacturing,1,0,0,False,True,False,True,True,0.5984797333662388,0.0,0.5984797333662388,0.0188935272994812,0.40152026663376117
GMFI,Other,1,0,0,False,True,False,False,False,1.67913932939092,0.0,1.67913932939092,-0.245792663905854,-0.6791393293909428
GMTD,Other,1,0,0,False,True,False,True,True,0.4565740921700408,0.0,0.4565740921700408,0.0010589845501605,0.5434259078299591
GOLL,Other,1,0,0,False,True,False,False,True,0.821082300221634,0.0,0.821082300221634,-0.6403428402071106,0.17891769977836605
GOOD,Other,1,0,0,False,True,False,True,True,0.5292587732057787,0.0,0.5292587732057787,0.0599397847649115,0.47074122679422126
GOTO,Other,1,0,0,True,True,True,False,True,0.1592676271708979,0.0,0.1592676271708979,-0.4440331586615955,0.8407323728291021
GPRA,Real Estate,1,1,1,True,True,True,True,True,0.3623564831786577,0.0,0.3623564831786577,0.0341178032954354,0.6376435168213422
GSMF,Other,1,0,0,False,True,False,True,True,0.5707268317129323,0.0,0.5707268317129323,-0.0007631738125321,0.42927316828706774
GTSI,Other,1,0,0,False,True,False,True,True,0.5445465772449938,0.0,0.5445465772449938,0.0171894632727867,0.4554534227549241
GWSA,Other,1,1,1,True,True,True,True,True,0.0871844931794518,0.0,0.0871844931794518,0.0020723152569096,0.9128155068205481
GZCO,Other,1,0,0,False,True,False,True,True,0.4699743485875539,0.0,0.4699743485875539,-0.0108247354087436,0.5300256514124461
HDTX,Other,1,0,0,False,True,False,False,True,1.1375872307241028,0.0,1.1375872307241028,-0.1298127479997001,-0.1375872307241029
HEAL,Other,1,1,1,True,True,True,True,True,0.4137105325370992,0.0,0.4137105325370992,0.0727688679351131,0.5862894674629008
HELI,Other,1,0,0,False,True,False,True,True,0.6409111130964524,0.0,0.6409111130964524,-0.0701061985726174,0.35908888690354757
HERO,Other,1,0,0,False,True,False,True,True,0.7861689608766774,0.0,0.7861689608766774,-0.0946323060764161,0.21383103912332255
HEXA,Other,1,0,0,False,True,False,True,True,0.512030559186149,0.0,0.512030559186149,0.1291733943803935,0.4879694408138216
HILL,Other,1,0,0,False,True,False,True,True,0.7105192147190744,0.0,0.7105192147190744,0.0942502315926161,0.2894807852809256
HITS,Other,1,0,0,False,True,False,True,True,0.6634844686874365,0.0,0.6634844686874365,0.0039328487026758,0.33651553131252127
HMSP,Tobacco,0,1,0,True,True,True,True,True,0.448141520418639,0.0,0.448141520418639,0.1415857268049583,0.551858479581361
HOKI,Other,1,1,1,True,True,True,True,True,0.2881894131333855,0.0,0.2881894131333855,0.0134593120998869,0.7118105868666146
HOTL,Other,1,0,0,False,True,False,True,True,0.7531067788984909,0.0,0.7531067788984909,-0.0362345898012425,0.24689322110150916
HRME,Other,1,1,1,True,True,True,True,True,0.2907351406494345,0.0,0.2907351406494345,-0.027507837920817,0.7092648593505654
HRTA,Other,1,0,0,False,True,False,True,True,0.5674780582887281,0.0,0.5674780582887281,0.0608713889040487,0.43252194171127184
HRUM,Other,1,1,1,True,True,True,True,True,0.2361602461193647,0.0,0.2361602461193647,0.1367391790576302,0.763839753880626
HUMI,Other,1,1,1,True,True,True,True,True,0.4427108432679338,0.0,0.4427108432679338,0.0125711343363401,0.5572891567320222
IATA,Other,1,0,0,False,True,False,True,True,0.6418964818004949,0.0,0.6418964818004949,0.0805261487275532,0.35810351819944125
IBOS,Other,1,1,1,True,True,True,True,True,0.1209422562498644,0.0,0.1209422562498644,0.0203591978850977,0.8790577437501356
IBST,Construction,1,1,1,True,True,True,True,True,0.3645191622090503,0.0,0.3645191622090503,0.0058547494797834,0.6354808377909498
ICBP,Other,1,0,0,False,True,False,True,True,0.5071297530598305,0.0,0.5071297530598305,0.0538482157010507,0.4928702469401695
IDPR,Other,1,0,0,False,True,False,True,True,0.5657920258104716,0.0,0.5657920258104716,-0.0788725114747719,0.43420797418952833
IFII,Other,1,1,1,True,True,True,True,True,0.2430781342703031,0.0,0.2430781342703031,0.0602564839516427,0.7569218657296969
IFSH,Other,1,1,1,True,True,True,True,True,0.3715985925577267,0.0,0.3715985925577267,0.1413497534533333,0.6284014074422732
IGAR,Other,1,1,1,True,True,True,True,True,0.1058801288634362,0.0,0.1058801288634362,0.0699766795077894,0.8941198711365638
IKAI,Other,1,1,1,True,True,True,True,True,0.3656786565926472,0.0,0.3656786565926472,-0.0314579978382971,0.6343213434073528
IKBI,Other,1,1,1,True,True,True,True,True,0.3724336171751925,0.0,0.3724336171751925,0.0052323611225613,0.627566382824715
IMAS,Other,1,0,0,False,True,False,True,True,0.7429150191304018,0.0,0.7429150191304018,-0.0081530039511905,0.25708498086959825
IMJS,Other,1,0,0,False,True,False,True,True,0.8426800780987711,0.0,0.8426800780987711,0.0010342750406133,0.15731992190122915
IMPC,Other,1,1,1,True,True,True,True,True,0.3750567766770291,0.0,0.3750567766770291,0.0838166581394552,0.6249432233229708
INAF,Other,1,0,0,False,True,False,True,True,0.8051068467646917,0.0,0.8051068467646917,-0.0886094326082677,0.19489315323530826
INAI,Other,1,0,0,False,True,False,True,True,0.7859180866023111,0.0,0.7859180866023111,-0.0273536463673224,0.2140819133976889
INCO,Mining,1,1,1,True,True,True,True,True,0.1231666162244377,0.0,0.1231666162244377,0.0697434272683645,0.8768333837755584
INDF,Food & Beverage,1,0,0,False,True,False,True,True,0.4922505694726335,0.0,0.4922505694726335,0.0403479055222353,0.5077494305273665
INDR,"Manufacturing, Electronics",1,0,0,False,True,False,True,True,0.4879400052585971,0.0,0.4879400052585971,0.0275376320216084,0.512059994741391
INDS,Other,1,1,1,True,True,True,True,True,0.1908803168550616,0.0,0.1908803168550616,0.0415222593759275,0.8091196831449383
INDY,Utilities,1,0,0,False,True,False,True,True,0.6783564055970712,0.0,0.6783564055970712,0.0368940208704373,0.32164359440292595
INKP,Other,1,1,1,True,True,True,True,True,0.4461185232314174,0.0,0.4461185232314174,0.0561051934179007,0.5538814767685816
INPP,Other,1,1,1,True,True,True,True,True,0.3416053782072522,0.0,0.3416053782072522,-0.0102364832653584,0.6583946217927478
INPS,Other,1,0,0,False,True,False,True,True,0.8253276698972228,0.0,0.8253276698972228,-0.0833406770635263,0.17467233010277713
INTA,Food & Beverage,1,0,0,False,True,False,False,False,1.6739641415903734,0.0,1.6739641415903734,-0.1393428309849049,-0.6739641415903734
INTP,Other,1,1,1,True,True,True,True,True,0.2343234812553865,0.0,0.2343234812553865,0.0678772857660015,0.7656765187446135
IPOL,Infrastructure,1,1,1,True,True,True,True,True,0.3750330351292446,0.0,0.3750330351292446,0.0176360168254488,0.6249669648707203
IPTV,Other,1,1,1,True,True,True,True,True,0.2832762605786758,0.0,0.2832762605786758,0.0053177069035063,0.7167237394213242
IRRA,Other,1,0,0,False,True,False,True,True,0.4573763219240985,0.0,0.4573763219240985,0.072627422619516,0.5426236780759015
ISAT,Utilities,1,0,0,False,True,False,True,True,0.7509738694409078,0.0,0.7509738694409078,0.0430509799787809,0.2490261305590922
ISSP,Other,1,1,1,True,True,True,True,True,0.4436265052371034,0.0,0.4436265052371034,0.0513398827699987,0.5563734947628965
ITMG,Other,1,1,1,True,True,True,True,True,0.2438585308664999,0.0,0.2438585308664999,0.2894906918848441,0.7561414691334949
JARR,Other,1,0,0,False,True,False,True,True,0.6729922923175127,0.0,0.6729922923175127,0.0104846548943606,0.3270077076824873
JAWA,Other,1,0,0,False,True,False,True,True,0.9449899999388954,0.0,0.9449899999388954,-0.0735770637094138,0.05501000006110455
JAYA,Other,1,1,1,True,True,True,True,True,0.1720252559299157,0.0,0.1720252559299157,0.0463499141457387,0.8279747440700841
JECC,Other,1,0,0,False,True,False,True,True,0.6095684905196955,0.0,0.6095684905196955,0.0113960976218173,0.3904315094803045
JGLE,Other,1,0,0,True,True,True,False,True,0.3585435456133157,0.0,0.3585435456133157,-0.1201493447821265,0.6414564543866844
JIHD,Other,1,1,1,True,True,True,True,True,0.2773930635436249,0.0,0.2773930635436249,-0.0030383758740215,0.7226069364563751
JKON,Construction,1,1,1,True,True,True,True,True,0.3539651748450352,0.0,0.3539651748450352,0.0260203695260326,0.6460348251549647
JPFA,"Manufacturing, Food & Beverage",1,0,0,False,True,False,True,True,0.5686836896528938,0.0,0.5686836896528938,0.0435866360703235,0.43131631034710616
JRPT,Real Estate,1,1,1,True,True,True,True,True,0.3030828583172711,0.0,0.3030828583172711,0.0731047008399103,0.6969171416827288
JSKY,Other,1,0,0,False,True,False,True,True,0.5550507559655594,0.0,0.5550507559655594,-0.0745223051467412,0.4449492440344405
JSMR,Other,1,0,0,False,True,False,True,True,0.7303576119576166,0.0,0.7303576119576166,0.0273773869332795,0.26964238804238333
JSPT,Other,1,0,0,False,True,False,True,True,0.5349460894723385,0.0,0.5349460894723385,-0.0087189465524562,0.46505391052766154
JTPE,Other,1,1,1,True,True,True,True,True,0.2912712531847158,0.0,0.2912712531847158,0.0762327585106287,0.7087287468152841
KAEF,Other,1,0,0,False,True,False,True,True,0.5747466089793338,0.0,0.5747466089793338,0.002691727779859,0.4252533910206661
KBLI,Other,1,1,1,True,True,True,True,True,0.1403472151596793,0.0,0.1403472151596793,0.0197311408546392,0.8596527848403206
KBLV,Other,1,0,0,False,True,False,False,True,1.0026995648617487,0.0,1.0026995648617487,-0.1291228363530926,-0.0026995648617486588
KEEN,Other,1,0,0,False,True,False,True,True,0.4568596758674685,0.0,0.4568596758674685,0.0309141907723591,0.5431403241324996
KEJU,Other,1,1,1,True,True,True,True,True,0.2331535803571633,0.0,0.2331535803571633,0.1480075658541374,0.7668464196428367
KIAS,Other,1,1,1,True,True,True,True,True,0.1686900894479854,0.0,0.1686900894479854,-0.0222625136860726,0.8313099105520146
KIJA,Other,1,0,0,False,True,False,True,True,0.4910570952828251,0.0,0.4910570952828251,-0.0031113380129578,0.5089429047171748
KINO,Other,1,0,0,False,True,False,True,True,0.5756195125657636,0.0,0.5756195125657636,-0.0335198903991782,0.42438048743423634
KIOS,Other,1,1,1,True,True,True,True,True,0.373553736135757,0.0,0.373553736135757,-0.0858491786079949,0.6264462638642432
KKGI,Other,1,1,1,True,True,True,True,True,0.2716531126379795,0.0,0.2716531126379795,0.1329816042019047,0.7283468873619551
KLBF,Other,1,1,1,True,True,True,True,True,0.1733203774957769,0.0,0.1733203774957769,0.1176812694513418,0.826679622504223
KMTR,Other,1,0,0,False,True,False,True,True,0.6036025162402147,0.0,0.6036025162402147,0.0090715041509631,0.3963974837597854
KOIN,Other,1,0,0,False,True,False,True,True,0.947678352978202,0.0,0.947678352978202,-0.0350706884147958,0.05232164702179805
KONI,Other,1,1,1,True,True,True,True,True,0.2072494948304914,0.0,0.2072494948304914,0.0731232903571596,0.7927505051695084
KOTA,Other,1,1,1,True,True,True,True,True,0.1960692433037061,0.0,0.1960692433037061,-0.0145723549969611,0.8039307566962938
KPIG,Real Estate,1,1,1,True,True,True,True,True,0.206481119383188,0.0,0.206481119383188,0.007410807172826,0.793518880616812
KRAS,Other,1,0,0,False,True,False,True,True,0.8395782607540095,0.0,0.8395782607540095,0.0084032952300411,0.16042173924598743
LAND,Other,1,1,1,True,True,True,True,True,0.3648808822069225,0.0,0.3648808822069225,-0.0166274767922853,0.6351191177930776
LAPD,Other,1,0,0,False,True,False,True,False,2.1207187246175025,0.0,2.1207187246175025,0.2125168717446398,-1.1207187246175028
LINK,Other,1,0,0,False,True,False,True,True,0.54202193700396,0.0,0.54202193700396,0.0366923201168831,0.45797806299604005
LPCK,Other,1,1,1,True,True,True,True,True,0.3012460326122604,0.0,0.3012460326122604,-0.0791250307340985,0.6987539673877395
LPKR,Real Estate,1,0,0,False,True,False,True,True,0.5830337636653804,0.0,0.5830337636653804,-0.0645855220159669,0.41696623633461966
LPLI,Other,1,1,1,True,True,True,True,True,0.0614290355621707,0.0,0.0614290355621707,0.1237634495426376,0.9385709644378293
LPPF,Retail,1,0,0,False,True,False,True,True,0.907650949232374,0.0,0.907650949232374,0.0881585817957594,0.09234905076762592
LSIP,Other,1,1,1,True,True,True,True,True,0.1241736107452943,0.0,0.1241736107452943,0.0730920667826384,0.8758263892547057
LTLS,Other,1,0,0,False,True,False,True,True,0.5317867859123245,0.0,0.5317867859123245,0.035456408906963,0.46821321408767547
MAGP,Other,1,0,0,False,True,False,False,True,0.859316700494476,0.0,0.859316700494476,-0.184255861002793,0.14068329950552408
MAHA,Other,1,1,1,True,True,True,True,True,0.3048321731637268,0.0,0.3048321731637268,0.2022695853515559,0.6951678268362732
MAIN,Other,1,0,0,False,True,False,True,True,0.6148875520776088,0.0,0.6148875520776088,0.0030128361161321,0.38511244792239124
MAPA,Other,1,1,1,True,True,True,True,True,0.4262763805318513,0.0,0.4262763805318513,0.0973953404840326,0.5737236194681486
MAPB,Other,1,0,0,False,True,False,True,True,0.532245822051606,0.0,0.532245822051606,0.0058977468795927,0.46775417794839397
MAPI,Other,1,0,0,False,True,False,True,True,0.5671805104249303,0.0,0.5671805104249303,0.0467351772394955,0.4328194895750696
MARK,Other,1,1,1,True,True,True,True,True,0.2444963255042508,0.0,0.2444963255042508,0.2490703386095766,0.7555036744957492
MASA,Other,1,1,1,True,True,True,True,True,0.38503891466539,0.0,0.38503891466539,0.1083720652247753,0.6149610853345897
MBAP,Other,1,1,1,True,True,True,True,True,0.2198168945817984,0.0,0.2198168945817984,0.3373012444041906,0.7801831054181605
MBMA,Other,1,1,1,True,True,True,True,True,0.3087102610100202,0.0,0.3087102610100202,0.0052437637530827,0.6912897389899724
MBSS,Other,1,1,1,True,True,True,True,True,0.1298001552052888,0.0,0.1298001552052888,0.0583867138617585,0.8701998447947112
MCAS,Other,1,1,1,True,True,True,True,True,0.324961796339503,0.0,0.324961796339503,0.0144925321272055,0.6750382036604969
MCOL,Other,1,1,1,True,True,True,True,True,0.2751702263061606,0.0,0.2751702263061606,0.3760404401986555,0.7248297736938225
MDIA,Media,1,0,0,False,True,False,True,True,0.5908227856745554,0.0,0.5908227856745554,0.0107921188821661,0.4091772143254445
MDKA,Other,1,1,1,True,True,True,True,True,0.4450288731112541,0.0,0.4450288731112541,0.0099646249357075,0.5549711268887423
MDLN,Other,1,0,0,False,True,False,True,True,0.7041574543908068,0.0,0.7041574543908068,-0.0333472608262052,0.2958425456091932
MDRN,Other,1,0,0,False,True,False,True,False,2.608740509456961,0.0,2.608740509456961,0.0086913699546536,-1.6087405094569611
MEDC,Oil & Gas,1,0,0,False,True,False,True,True,0.7744599102209669,0.0,0.7744599102209669,0.0208166112944404,0.22554008977903153
MERK,Other,1,1,1,True,True,True,True,True,0.2788171495729753,0.0,0.2788171495729753,0.142128935120736,0.7211828504270247
META,Other,1,0,0,False,True,False,True,True,0.5022488709102583,0.0,0.5022488709102583,-0.0030789765377812,0.4977511290897418
MFIN,Other,1,0,0,False,True,False,True,True,0.4852345910846804,0.0,0.4852345910846804,0.0764041859161268,0.5147654089153195
MGRO,Other,1,0,0,False,True,False,True,True,0.7057865403392711,0.0,0.7057865403392711,-0.0171314253688059,0.29421345966072887
MICE,Other,1,1,1,True,True,True,True,True,0.3394423997305471,0.0,0.3394423997305471,0.0250405096977886,0.6605576002694529
MIDI,Other,1,0,0,False,True,False,True,True,0.6672600471287468,0.0,0.6672600471287468,0.0514218324942068,0.3327399528712532
MIKA,Other,1,1,1,True,True,True,True,True,0.1206990460900304,0.0,0.1206990460900304,0.1453002125567396,0.8793009539099695
MINA,Other,1,1,1,True,True,True,True,True,0.0638039881651232,0.0,0.0638039881651232,-0.0476553692267398,0.9361960118348767
MIRA,Other,1,1,1,True,True,True,True,True,0.3333505235879077,0.0,0.3333505235879077,-0.0647950893763821,0.6666494764120923
MITI,Other,1,1,1,True,True,True,True,True,0.1735501350614907,0.0,0.1735501350614907,0.0486092353382438,0.8264498649385095
MKNT,Other,1,0,0,False,True,False,True,True,0.978735755728696,0.0,0.978735755728696,-0.0736172180447407,0.021264244271303946
MKPI,Media,1,1,1,True,True,True,True,True,0.231245635172612,0.0,0.231245635172612,0.0653514384073374,0.768754364827388
MKTR,Other,1,0,0,False,True,False,True,True,0.5778320473915013,0.0,0.5778320473915013,0.0346238106535185,0.42216795260849876
MLBI,Other,1,0,0,False,True,False,True,True,0.6037475183140061,0.0,0.6037475183140061,0.2333044916712564,0.3962524816859939
MLIA,Other,1,1,1,True,True,True,True,True,0.3901089353246248,0.0,0.3901089353246248,0.0826721817514632,0.6098910646753752
MLPL,Infrastructure,1,0,0,False,True,False,True,True,0.6852748906791186,0.0,0.6852748906791186,-0.0047238891281176,0.3147251093208814
MLPT,Food & Beverage,1,0,0,False,True,False,True,True,0.672780636730313,0.0,0.672780636730313,0.121727774422174,0.3272193632696872
MMLP,Other,1,1,1,True,True,True,True,True,0.1961785098200875,0.0,0.1961785098200875,0.0087486222681354,0.8038214901799124
MNCN,Other,1,1,1,True,True,True,True,True,0.1404408212960428,0.0,0.1404408212960428,0.0855072064891908,0.8595591787039571
MOLI,Other,1,1,1,True,True,True,True,True,0.3603688144340888,0.0,0.3603688144340888,0.0247461251730038,0.6396311855659111
MORA,Other,1,0,0,False,True,False,True,True,0.6377861052971051,0.0,0.6377861052971051,0.0398179895004994,0.3622138947028949
MPMX,Other,1,1,1,True,True,True,True,True,0.3195767079438169,0.0,0.3195767079438169,0.046964544485602,0.6804232920561831
MPPA,Retail,1,0,0,False,True,False,True,True,0.9279985902491348,0.0,0.9279985902491348,-0.086080350011768,0.07200140975086523
MRAT,Other,1,1,1,True,True,True,True,True,0.4014744407427391,0.0,0.4014744407427391,0.0335135699873992,0.5985255592572609
MSIN,Other,1,1,1,True,True,True,True,True,0.3439244407223605,0.0,0.3439244407223605,0.0542300331437098,0.6560755592776395
MSJA,Other,1,1,1,True,True,True,True,True,0.3516700502585223,0.0,0.3516700502585223,0.093377485566925,0.6483299497413803
MSKY,Other,1,1,1,True,True,True,True,True,0.3745055456813352,0.0,0.3745055456813352,-0.0604565175956727,0.6254944543186647
MSTI,Other,1,1,1,True,True,True,True,True,0.4292841822398124,0.0,0.4292841822398124,0.1612510713264579,0.5707158177601876
MTDL,Other,1,0,0,False,True,False,True,True,0.4661639121844483,0.0,0.4661639121844483,0.0660441771636896,0.5338360878155516
MTEL,Other,1,1,1,True,True,True,True,True,0.440813489153352,0.0,0.440813489153352,0.0294674789148577,0.5591865108466479
MTLA,Other,1,1,1,True,True,True,True,True,0.3008411424516031,0.0,0.3008411424516031,0.0554107804142093,0.6991588575483969
MTMH,Other,1,0,0,False,True,False,True,True,0.4502098753446172,0.0,0.4502098753446172,0.0352007633951784,0.5497901246553828
MTPS,Other,1,0,0,True,True,True,False,True,0.3998396770554983,0.0,0.3998396770554983,-0.3426312537621285,0.6001603229445016
MYOH,Other,1,1,1,True,True,True,True,True,0.1367532789657115,0.0,0.1367532789657115,0.1310592286506128,0.8632467210342263
MYOR,Food & Beverage,1,1,1,True,True,True,True,True,0.4088156311917716,0.0,0.4088156311917716,0.0976596988649756,0.5911843688082283
MYTX,Other,1,0,0,False,True,False,True,True,1.047741580849339,0.0,1.047741580849339,-0.0395587386134069,-0.04774158084933938
NCKL,Other,1,0,0,False,True,False,True,True,0.4984135291320626,0.0,0.4984135291320626,0.1031358421131133,0.5015864708679374
NETV,Other,1,0,0,False,True,False,False,True,1.1247450471462164,0.0,1.1247450471462164,-0.2497397200989079,-0.1247450471462164
NFCX,Other,1,1,1,True,True,True,True,True,0.3134207483648362,0.0,0.3134207483648362,-0.0100033301122377,0.6865792516351638
NICE,Other,1,0,0,False,True,False,True,True,0.7373808486893937,0.0,0.7373808486893937,0.2641885185561251,0.26261915131060615
NICL,Other,1,1,1,True,True,True,True,True,0.2125497690586582,0.0,0.2125497690586582,0.187648392777958,0.7874502309413417
NIKL,Other,1,0,0,False,True,False,True,True,0.6646115949755843,0.0,0.6646115949755843,0.0184721421385442,0.33538840502435424
NIRO,Real Estate,1,0,0,False,True,False,True,True,0.4576990194941439,0.0,0.4576990194941439,-0.0048246306922204,0.5423009805058562
NRCA,Other,1,0,0,False,True,False,True,True,0.4842235699479291,0.0,0.4842235699479291,0.0306864608745457,0.5157764300520709
NSSS,Other,1,0,0,False,True,False,True,True,0.7938562410049296,0.0,0.7938562410049296,0.0271026068807463,0.2061437589950704
OMED,Other,1,1,1,True,True,True,True,True,0.2090610349913983,0.0,0.2090610349913983,0.2178560599142549,0.7909389650086017
OMRE,Other,1,1,1,True,True,True,True,True,0.1560484212026457,0.0,0.1560484212026457,-0.0488224661418091,0.8439515787973543
PADI,Other,1,0,0,True,True,True,False,True,0.108644591423856,0.0,0.108644591423856,-0.2198634629098164,0.8913554085761439
PALM,Other,1,1,1,True,True,True,True,True,0.2687882369273821,0.0,0.2687882369273821,0.0385376650201954,0.7312117630726179
PANI,Other,1,0,0,False,True,False,True,True,0.6752089359990733,0.0,0.6752089359990733,0.0048847007883861,0.32479106400092667
PANS,Other,1,1,1,True,True,True,True,True,0.3596682525720541,0.0,0.3596682525720541,0.0656169739221155,0.6403317474279459
PBID,Other,1,1,1,True,True,True,True,True,0.1862681667188027,0.0,0.1862681667188027,0.132097295330346,0.8137318332811972
PBRX,Other,1,0,0,False,True,False,True,True,0.5567421879262506,0.0,0.5567421879262506,0.0150538972737643,0.44325781207373516
PBSA,Other,1,1,1,True,True,True,True,True,0.2467788229474382,0.0,0.2467788229474382,0.1446784230030626,0.7532211770525619
PCAR,Other,1,1,1,True,True,True,True,True,0.392433231607899,0.0,0.392433231607899,-0.001307705501781,0.6075667683921008
PEHA,Other,1,0,0,False,True,False,True,True,0.5872588249989336,0.0,0.5872588249989336,0.0127735548568896,0.41274117500106644
PGAS,Infrastructure,1,0,0,False,True,False,True,True,0.5415055322053912,0.0,0.5415055322053912,0.0223093867368083,0.4584944677946074
PGEO,Other,1,0,0,False,True,False,True,True,0.4726028544513208,0.0,0.4726028544513208,0.0432104885905309,0.5273971455486753
PGLI,Other,1,0,0,True,True,True,False,True,0.3844383550212665,0.0,0.3844383550212665,-0.1201965204412686,0.6155616449787333
PGUN,Other,1,0,0,False,True,False,True,True,0.4544907287298165,0.0,0.4544907287298165,0.0213122963013356,0.5455092712701836
PICO,Other,1,0,0,False,True,False,True,True,0.788195236930496,0.0,0.788195236930496,-0.025063959044194,0.211804763069504
PIPA,Other,1,1,1,True,True,True,True,True,0.3878033716061519,0.0,0.3878033716061519,0.0169593040485919,0.6121966283938479
PJAA,Other,1,0,0,False,True,False,True,True,0.5973535943654366,0.0,0.5973535943654366,-0.0172924153155537,0.40264640563456344
PLIN,Other,1,1,1,True,True,True,True,True,0.1036032272804665,0.0,0.1036032272804665,0.021554660300219,0.8963967727195334
PMJS,Other,1,1,1,True,True,True,True,True,0.339556546607306,0.0,0.339556546607306,0.0442834375634048,0.6604434533926941
POLI,Other,1,1,1,True,True,True,True,True,0.3180920430313192,0.0,0.3180920430313192,0.0280238486516117,0.6819079569686808
POLL,Other,1,0,0,False,True,False,True,True,0.7586084711296344,0.0,0.7586084711296344,0.0212269518787614,0.24139152887036555
POLU,Other,1,1,1,True,True,True,True,True,0.3830887299097941,0.0,0.3830887299097941,-0.0919599894628884,0.616911270090206
POOL,Other,1,0,0,True,True,True,False,True,0.0803066098691895,0.0,0.0803066098691895,-0.2250410518611167,0.9196933901308104
PORT,Other,1,0,0,False,True,False,True,True,0.525654611162958,0.0,0.525654611162958,-0.0045212958584017,0.4743453888370421
POSA,Other,1,0,0,False,True,False,False,True,1.089091963479615,0.0,1.089091963479615,-0.1513301974691688,-0.08909196347961505
POWR,Other,1,0,0,False,True,False,True,True,0.4853170461503467,0.0,0.4853170461503467,0.0584121033293908,0.5146829538496458
PPRE,Other,1,0,0,False,True,False,True,True,0.5696473502827999,0.0,0.5696473502827999,0.0110844931234841,0.4303526497172001
PPRO,Real Estate,1,0,0,False,True,False,True,True,0.7929138436226405,0.0,0.7929138436226405,-0.0139394455102808,0.20708615637735947
PRAY,Other,1,1,1,True,True,True,True,True,0.3654762213452371,0.0,0.3654762213452371,0.0625456241153501,0.634523778654763
PRDA,Other,1,1,1,True,True,True,True,True,0.1494752354133521,0.0,0.1494752354133521,0.1477422797163111,0.8505247645866478
PRIM,Other,1,1,1,True,True,True,True,True,0.0794825739008941,0.0,0.0794825739008941,0.031938261919202,0.9205174260991059
PSAB,Other,1,0,0,False,True,False,True,True,0.5569366614953059,0.0,0.5569366614953059,-0.0118419772212338,0.4430633385046826
PSGO,Other,1,0,0,False,True,False,True,True,0.5756733929698721,0.0,0.5756733929698721,0.0677595354646915,0.4243266070301279
PSSI,Other,1,1,1,True,True,True,True,True,0.2424675421451472,0.0,0.2424675421451472,0.1684383679038862,0.7575324578547948
PTBA,Oil & Gas,1,1,1,True,True,True,True,True,0.3647326513354845,0.0,0.3647326513354845,0.2007511819387586,0.6352673486645155
PTIS,Other,1,0,0,False,True,False,True,True,0.5141485863506176,0.0,0.5141485863506176,0.0110877295316168,0.4858514136491187
PTMP,Other,1,1,1,True,True,True,True,True,0.3636110193272002,0.0,0.3636110193272002,0.0520978860664964,0.6363889806727999
PTPP,Other,1,0,0,False,True,False,True,True,0.739151519512074,0.0,0.739151519512074,0.0053025006669973,0.2608484804879259
PTRO,Other,1,0,0,False,True,False,True,True,0.5704337501136368,0.0,0.5704337501136368,0.0499067994699146,0.4295662498863464
PTSN,Other,1,1,1,True,True,True,True,True,0.3676897663732638,0.0,0.3676897663732638,0.0526905529186866,0.6323102336266697
PTSP,Other,1,0,0,False,True,False,True,True,0.5776635031850978,0.0,0.5776635031850978,-0.0308839964821903,0.4223364968149022
PWON,Other,1,1,1,True,True,True,True,True,0.3232282799916528,0.0,0.3232282799916528,0.0502075167330106,0.6767717200083472
PYFA,Pharmaceuticals,1,0,0,False,True,False,True,True,0.7242432453929997,0.0,0.7242432453929997,0.0533787313140187,0.2757567546070004
PZZA,Other,1,0,0,False,True,False,True,True,0.493419245453693,0.0,0.493419245453693,-0.0175971140748668,0.5065807545463069
RAAM,Other,1,1,1,True,True,True,True,True,0.2215052997492322,0.0,0.2215052997492322,0.0367430417015909,0.7784947002507677
RAJA,Other,1,0,0,False,True,False,True,True,0.4647783942120743,0.0,0.4647783942120743,0.0380172302384223,0.5352216057878857
RALS,Retail,1,1,1,True,True,True,True,True,0.2852082409953747,0.0,0.2852082409953747,0.033164712407933,0.7147917590046253
RDTX,Other,1,1,1,True,True,True,True,True,0.112715300619519,0.0,0.112715300619519,0.0775869769884463,0.8872846993804809
RICY,Other,1,0,0,False,True,False,True,True,0.8363054560819173,0.0,0.8363054560819173,-0.04050171860892,0.16369454391808266
RISE,Other,1,1,1,True,True,True,True,True,0.1910588064368686,0.0,0.1910588064368686,0.0070270689656697,0.8089411935631313
RMKE,Other,1,1,1,True,True,True,True,True,0.3723627230327581,0.0,0.3723627230327581,0.1546297459555955,0.6276372769672419
RODA,Other,1,1,1,True,True,True,True,True,0.3925966953929306,0.0,0.3925966953929306,-0.0131402251640259,0.6074033046070694
ROTI,Food & Beverage,1,1,1,True,True,True,True,True,0.3305866398494608,0.0,0.3305866398494608,0.0756202617779251,0.6694133601505392
RSGK,Other,1,1,1,True,True,True,True,True,0.1519695715848342,0.0,0.1519695715848342,0.0363172520119697,0.8480304284151658
RUIS,Utilities,1,0,0,False,True,False,True,True,0.6153380128193362,0.0,0.6153380128193362,0.0152312865146627,0.38466198718066386
SAME,Other,1,1,1,True,True,True,True,True,0.2438573261107794,0.0,0.2438573261107794,-0.0014569530168648,0.7561426738892206
SAMF,Other,1,0,0,False,True,False,True,True,0.5540363377132292,0.0,0.5540363377132292,0.0988764134446303,0.44596366228677087
SCCO,Other,1,1,1,True,True,True,True,True,0.08500371483024,0.0,0.08500371483024,0.0357349954408276,0.9149962851697601
SCMA,Other,1,1,1,True,True,True,True,True,0.2643361122155513,0.0,0.2643361122155513,0.0947427764622682,0.7356638877844487
SDMU,Other,1,0,0,False,True,False,True,True,0.9290198031202244,0.0,0.9290198031202244,-0.0254041175222405,0.07098019687977575
SDPC,Other,1,0,0,False,True,False,True,True,0.8147218361990421,0.0,0.8147218361990421,0.0129198067157682,0.18527816380095788
SFAN,Other,1,1,1,True,True,True,True,True,0.3006433323069749,0.0,0.3006433323069749,-0.0382500633160792,0.6993566676930251
SGER,Other,1,0,0,False,True,False,True,True,0.6794693061487751,0.0,0.6794693061487751,0.154470572915375,0.32053069385122485
SGRO,Other,1,0,0,False,True,False,True,True,0.5192965697130864,0.0,0.5192965697130864,0.0536139840975977,0.4807034302869137
SHID,Other,1,1,1,True,True,True,True,True,0.3946091613107366,0.0,0.3946091613107366,-0.0278326475200424,0.6053908386892635
SHIP,Other,1,0,0,False,True,False,True,True,0.5435330397434954,0.0,0.5435330397434954,0.0484094039022357,0.4564669602564766
SIDO,Pharmaceuticals,1,1,1,True,True,True,True,True,0.1451353671603033,0.0,0.1451353671603033,0.2674705112458068,0.8548646328396966
SILO,Other,1,1,1,True,True,True,True,True,0.279790700158164,0.0,0.279790700158164,0.0702989603559646,0.7202092998418359
SIMP,Agriculture,1,1,1,True,True,True,True,True,0.4293598186426986,0.0,0.4293598186426986,0.0221765442340729,0.5706401813573013
SIPD,Other,1,0,0,False,True,False,True,True,0.682664643512801,0.0,0.682664643512801,-0.0199192489238023,0.317335356487199
SKBM,Other,1,0,0,False,True,False,True,True,0.4625692082655265,0.0,0.4625692082655265,0.0167459000690826,0.5374307917344735
SKLT,Food & Beverage,1,1,1,True,True,True,True,True,0.4077710484366137,0.0,0.4077710484366137,0.0703816788342809,0.5922289515633863
SKRN,Other,1,0,0,False,True,False,True,True,0.6331754970458869,0.0,0.6331754970458869,0.022128559164321,0.36682450295411295
SLIS,Other,1,1,1,True,True,True,True,True,0.4259090654754257,0.0,0.4259090654754257,0.0677202508425787,0.5740909345245743
SMAR,Other,1,0,0,False,True,False,True,True,0.5861382557041261,0.0,0.5861382557041261,0.0683872710419807,0.4138617442958738
SMBR,Food & Beverage,1,1,1,True,True,True,True,True,0.4089135903100715,0.0,0.4089135903100715,0.0124411978762866,0.5910864096899284
SMCB,Manufacturing,1,0,0,False,True,False,True,True,0.4970697503841844,0.0,0.4970697503841844,0.0361036290436666,0.5029302496158156
SMDM,Media,1,1,1,True,True,True,True,True,0.149898637980066,0.0,0.149898637980066,0.0273683345222934,0.8501013620199339
SMDR,Other,1,0,0,False,True,False,True,True,0.5032570417958395,0.0,0.5032570417958395,0.1182668856014417,0.49674295820414877
SMGR,Other,1,0,0,False,True,False,True,True,0.464253972533179,0.0,0.464253972533179,0.0284290922741795,0.5357460274668209
SMIL,Other,1,1,1,True,True,True,True,True,0.2867416354805763,0.0,0.2867416354805763,0.1050581061674993,0.7132583645194236
SMMA,Other,1,0,0,False,True,False,True,True,0.7923997650635415,0.0,0.7923997650635415,0.0064817796841541,0.20760023493645854
SMMT,Other,1,1,1,True,True,True,True,True,0.2243660475742829,0.0,0.2243660475742829,0.1997206782170099,0.7756339524257171
SMRA,Real Estate,1,0,0,False,True,False,True,True,0.5987399073336388,0.0,0.5987399073336388,0.0171368312333211,0.4012600926663612
SMRU,Oil & Gas,1,0,0,False,True,False,False,True,0.7634582189030128,0.0,0.7634582189030128,-0.1611628939432767,0.23654178109698717
SMSM,Other,1,1,1,True,True,True,True,True,0.2277674621720998,0.0,0.2277674621720998,0.181636579792105,0.7722325378279001
SOCI,Other,1,1,1,True,True,True,True,True,0.4123685133214062,0.0,0.4123685133214062,0.0190291589903831,0.5876314866785779
SOHO,Other,1,0,0,False,True,False,True,True,0.4696284450376587,0.0,0.4696284450376587,0.0832401414141101,0.5303715549623412
SPMA,Other,1,1,1,True,True,True,True,True,0.3268141308271299,0.0,0.3268141308271299,0.0837238888401403,0.67318586917287
SPTO,Other,1,1,1,True,True,True,True,True,0.3352544455189224,0.0,0.3352544455189224,0.0617088508947231,0.6647455544810775
SRAJ,Other,1,0,0,False,True,False,True,True,0.6386349678568348,0.0,0.6386349678568348,0.003311097655717,0.36136503214316523
SRIL,Other,1,0,0,False,True,False,False,True,1.1293517204918972,0.0,1.1293517204918972,-0.3596132902270847,-0.1293517204919051
SRSN,Other,1,1,1,True,True,True,True,True,0.2835746605072912,0.0,0.2835746605072912,0.0453462719821977,0.7164253394927088
SRTG,Other,1,1,1,True,True,True,True,True,0.0706471927079701,0.0,0.0706471927079701,0.1336163416820397,0.9293528072920298
SSIA,Construction,1,0,0,False,True,False,True,True,0.470532773454681,0.0,0.470532773454681,0.0020147771958883,0.529467226545319
SSMS,Agriculture,1,0,0,False,True,False,True,True,0.7768416052271673,0.0,0.7768416052271673,0.0956690164016565,0.22315839477283267
STAA,Other,1,1,1,True,True,True,True,True,0.4030968630911954,0.0,0.4030968630911954,0.1332168455693183,0.5969031369088046
STRK,Other,1,0,0,False,True,False,True,True,0.8849123697151724,0.0,0.8849123697151724,0.0029999797558871,0.11508763028482737
STTP,Other,1,1,1,True,True,True,True,True,0.1542985875417374,0.0,0.1542985875417374,0.159864826217799,0.8457014124582625
SULI,Other,1,0,0,False,True,False,True,True,1.0046953074533975,0.0,1.0046953074533975,-0.0573762133886659,-0.004695307453536015
SUPR,Other,1,0,0,False,True,False,True,True,0.6376896400926304,0.0,0.6376896400926304,0.0516898950208182,0.36231035990736965
SURE,Other,1,0,0,False,True,False,True,True,0.4907568581144464,0.0,0.4907568581144464,-0.0645028722557681,0.5092431418855536
TAMU,Other,1,0,0,False,True,False,True,True,0.5115855348459503,0.0,0.5115855348459503,-0.0559783288644544,0.48841446515390274
TAPG,Other,1,1,1,True,True,True,True,True,0.3189995404204217,0.0,0.3189995404204217,0.125262681056682,0.6810004595795782
TAXI,Other,1,0,0,False,True,False,True,False,1.9396145846224973,0.0,1.9396145846224973,0.296047808845749,-0.9396145846224977
TBIG,Other,1,0,0,False,True,False,True,True,0.7485166426612628,0.0,0.7485166426612628,0.0341634922899935,0.25148335733873717
TBLA,Agriculture,1,0,0,False,True,False,True,True,0.7006736704262232,0.0,0.7006736704262232,0.0354178851395522,0.2993263295737768
TCID,Other,1,1,1,True,True,True,True,True,0.2106153325713517,0.0,0.2106153325713517,-0.0123557544586627,0.7893846674286483
TCPI,Other,1,1,1,True,True,True,True,True,0.4365295706410527,0.0,0.4365295706410527,0.0356472208338727,0.5634704293589472
TDPM,Other,1,0,0,False,True,False,False,True,0.6484338611533117,0.0,0.6484338611533117,-0.1862744396208489,0.351566138846646
TEBE,Other,1,1,1,True,True,True,True,True,0.1557020727297633,0.0,0.1557020727297633,0.1654155790975215,0.8442979272702367
TELE,Other,1,0,0,False,True,False,False,False,22.59364676572692,0.0,22.59364676572692,-3.809306777099815,-21.59364676572692
TFAS,Other,1,1,1,True,True,True,True,True,0.2744258147069831,0.0,0.2744258147069831,0.0346985666164586,0.7255741852930169
TFCO,Telecommunications,1,1,1,True,True,True,True,True,0.0837292409945651,0.0,0.0837292409945651,0.0146897859924556,0.9162707590054046
TGKA,Utilities,1,0,0,False,True,False,True,True,0.5097050370973333,0.0,0.5097050370973333,0.1221614062220821,0.49029496290266666
TGRA,Other,1,1,1,True,True,True,True,True,0.2328256392675422,0.0,0.2328256392675422,0.0029333084560469,0.7671743607324577
TIFA,Other,1,1,1,True,True,True,True,True,0.3836927921643616,0.0,0.3836927921643616,0.0268359340406487,0.6163072078356384
TINS,Mining,1,0,0,False,True,False,True,True,0.5549922216900154,0.0,0.5549922216900154,0.0281882790349939,0.4450077783099846
TIRT,Other,1,0,0,False,True,False,False,False,2.870123319893235,0.0,2.870123319893235,-0.5766211519436523,-1.870123319893235
TKIM,Other,1,1,1,True,True,True,True,True,0.4116020919385909,0.0,0.4116020919385909,0.0770761582390766,0.5883979080614061
TLDN,Other,1,0,0,False,True,False,True,True,0.6451277071440601,0.0,0.6451277071440601,0.0887688995219022,0.35487229285593985
TLKM,Infrastructure,1,0,0,False,True,False,True,True,0.4729786605626523,0.0,0.4729786605626523,0.0840766447611312,0.5270213394373477
TMAS,Other,1,0,0,False,True,False,True,True,0.537840513710944,0.0,0.537840513710944,0.1775976154635487,0.46215948628905595
TOBA,Other,1,0,0,False,True,False,True,True,0.5707572848248885,0.0,0.5707572848248885,0.03979489119106,0.4292427151751
TOPS,Other,1,0,0,False,True,False,True,True,0.6558994959310358,0.0,0.6558994959310358,-0.0321305461577589,0.34410050406896425
TOTL,Other,1,0,0,False,True,False,True,True,0.601486958391355,0.0,0.601486958391355,0.0404548409052326,0.398513041608645
TOTO,Other,1,1,1,True,True,True,True,True,0.3203860187107092,0.0,0.3203860187107092,0.0525855742777741,0.6796139812892907
TOWR,Other,1,0,0,False,True,False,True,True,0.7728107850229492,0.0,0.7728107850229492,0.0553492635656726,0.22718921497705075
TPIA,Other,1,1,1,True,True,True,True,True,0.4484555244891944,0.0,0.4484555244891944,0.0010571274297491,0.5515444755108035
TPMA,Other,1,1,1,True,True,True,True,True,0.2159439701800843,0.0,0.2159439701800843,0.0935852438826452,0.7840560298198223
TRAM,Other,1,0,0,False,True,False,False,True,0.7554927000231304,0.0,0.7554927000231304,-0.1515489136189495,0.24450729997686962
TRGU,Other,1,0,0,False,True,False,True,True,0.6896941703130682,0.0,0.6896941703130682,0.0046941550679955,0.3103058296869317
TRIM,Other,1,0,0,False,True,False,True,True,0.5840892711223511,0.0,0.5840892711223511,0.0439785092127856,0.41591072887764885
TRIN,Other,1,0,0,False,True,False,True,True,0.6556620758795619,0.0,0.6556620758795619,-0.0135014300585876,0.34433792412043807
TRIO,Other,1,0,0,False,True,False,False,False,40.18850808589107,0.0,40.18850808589107,-0.3039428088321477,-39.18850808589107
TRST,Pharmaceuticals,1,0,0,False,True,False,True,True,0.4859580389878598,0.0,0.4859580389878598,0.0071055194151124,0.5140419610121402
TSPC,Other,1,1,1,True,True,True,True,True,0.3025764500758778,0.0,0.3025764500758778,0.0915750828249415,0.6974235499241221
UCID,Other,1,1,1,True,True,True,True,True,0.3747656611974216,0.0,0.3747656611974216,0.0476743316998209,0.6252343388025783
ULTJ,Other,1,1,1,True,True,True,True,True,0.277895392862302,0.0,0.277895392862302,0.1449176810129311,0.722104607137698
UNIC,Other,1,1,1,True,True,True,True,True,0.1540754650447245,0.0,0.1540754650447245,0.1235618006423797,0.8459245349552418
UNSP,Agriculture,1,0,0,False,True,False,True,False,2.0344204396674272,0.0,2.0344204396674272,-0.0144439203172269,-1.0344204396674272
UNTD,Other,1,0,0,False,True,False,True,True,0.7859427799137081,0.0,0.7859427799137081,0.0617740173968498,0.21405722008629186
UNTR,Other,1,1,1,True,True,True,True,True,0.3913231729536346,0.0,0.3913231729536346,0.1142302790879881,0.6086768270463654
UNVR,Other,1,0,0,False,True,False,True,True,0.7769383950449045,0.0,0.7769383950449045,0.3095431028532622,0.22306160495509547
URBN,Other,1,0,0,False,True,False,True,True,0.5032093977031764,0.0,0.5032093977031764,0.0136235019439707,0.49679060229682354
VICI,Other,1,1,1,True,True,True,True,True,0.2717048143206732,0.0,0.2717048143206732,0.1413619053065101,0.7282951856793267
VICO,Other,1,0,0,False,True,False,True,True,0.8534745591659421,0.0,0.8534745591659421,0.0002069747064944,0.14652544083405797
VIVA,Other,1,0,0,False,True,False,False,True,1.076343563955083,0.0,1.076343563955083,-0.1317502254501481,-0.07634356395508274
VKTR,Other,1,0,0,False,True,False,True,True,0.5705187096165961,0.0,0.5705187096165961,-0.0158860006491296,0.4294812903834039
VTNY,Other,1,0,0,False,True,False,True,True,0.574228609612853,0.0,0.574228609612853,0.001405968077146,0.425771390387147
WEGE,Other,1,0,0,False,True,False,True,True,0.5801009291571768,0.0,0.5801009291571768,0.0279455577644752,0.41989907084282313
WEHA,Other,1,1,1,True,True,True,True,True,0.4108950158213083,0.0,0.4108950158213083,0.0076647784169269,0.5891049841786917
WIIM,Food & Beverage,1,1,1,True,True,True,True,True,0.2906216357084521,0.0,0.2906216357084521,0.1324291758213381,0.7093783642915479
WIKA,Construction,1,0,0,False,True,False,True,True,0.7804407113857457,0.0,0.7804407113857457,-0.0247156006045284,0.21955928861425428
WINE,Other,1,0,0,False,True,False,True,True,0.5109002420578636,0.0,0.5109002420578636,0.0034203074957583,0.4890997579421365
WINS,Other,1,1,1,True,True,True,True,True,0.2357227746256457,0.0,0.2357227746256457,-0.0054787514679794,0.7642772253743042
WIRG,Other,1,1,1,True,True,True,True,True,0.3466821674004303,0.0,0.3466821674004303,0.0567526796876037,0.6533178325995698
WMPP,Other,1,0,0,False,True,False,True,True,0.64299871994659,0.0,0.64299871994659,0.0008204378246795,0.3570012800534099
WMUU,Other,1,0,0,False,True,False,True,True,0.5181543577935205,0.0,0.5181543577935205,-0.0226074181493486,0.4818456422064794
WOOD,Other,1,0,0,False,True,False,True,True,0.4620048081141174,0.0,0.4620048081141174,0.0412488178871888,0.5379951918858826
WSBP,Other,1,0,0,False,True,False,False,False,1.247813723781334,0.0,1.247813723781334,-0.2141664286253319,-0.247813723781334
WSKT,Other,1,0,0,False,True,False,True,True,0.8675613499352024,0.0,0.8675613499352024,-0.0354751258707028,0.13243865006479755
WTON,Other,1,0,0,False,True,False,True,True,0.5921829340596875,0.0,0.5921829340596875,0.0117679389997128,0.4078170659403126
YPAS,Other,1,0,0,False,True,False,True,True,0.5433366833048452,0.0,0.5433366833048452,0.0051500912027722,0.4566633166951548
YULE,Other,1,1,1,True,True,True,True,True,0.0502245205613594,0.0,0.0502245205613594,0.083014110870453,0.9497754794386405
ZBRA,Other,1,0,0,False,True,False,True,True,0.5868301625289253,0.0,0.5868301625289253,-0.0140795059332249,0.41316983747107466
ZINC,Other,1,0,0,False,True,False,True,True,0.6230514764259757,0.0,0.6230514764259757,-0.001467388287804,0.3769485235740243
