ticker,company_name,sector,total_assets,total_liabilities,total_equity,net_revenue,nonhalal_revenue_percent,net_income,operating_cash_flow,interest_expense,shariah_compliant,year,quarter
AALI_0,AALI Corp 0,Palm Oil,490.99,293.87,197.12,226.64,0.14,43.27,54.95,19.36,1,2023,1
AALI_1,AALI Corp 1,Palm Oil,49.02,19.46,29.56,43.28,0.28,5.71,8.00,1.41,1,2023,2
AALI_2,AALI Corp 2,Palm Oil,649.56,451.82,197.74,259.91,0.42,63.10,33.09,11.88,1,2023,3
AALI_3,AALI Corp 3,Palm Oil,112.19,55.43,56.75,76.55,0.55,14.06,19.12,5.35,0,2023,4
AALI_4,AALI Corp 4,Palm Oil,830.27,658.10,172.17,293.19,0.69,36.54,56.35,30.84,1,2023,1
AALI_5,AALI Corp 5,Palm Oil,197.49,116.75,80.74,109.83,0.83,25.87,14.79,5.25,1,2023,2
AALI_6,AALI Corp 6,Palm Oil,1033.13,402.59,630.54,326.46,0.97,57.62,83.93,16.52,1,2023,3
AALI_7,AALI Corp 7,Palm Oil,304.94,209.86,95.08,143.10,1.11,16.80,28.55,13.85,1,2023,4
AALI_8,AALI Corp 8,Palm Oil,394.76,192.14,202.62,359.74,1.25,82.14,51.08,13.76,1,2023,1
AALI_9,AALI Corp 9,Palm Oil,434.54,341.22,93.32,176.37,1.39,29.85,46.64,10.55,1,2023,2
AALI_10,AALI Corp 10,Palm Oil,562.05,328.11,233.94,393.01,1.53,43.31,81.30,7.70,1,2023,3
AALI_11,AALI Corp 11,Palm Oil,586.28,224.14,362.14,209.65,1.66,46.36,31.30,25.29,1,2023,4
AALI_12,AALI Corp 12,Palm Oil,46.34,31.55,14.79,26.29,1.80,4.26,7.14,1.51,1,2023,1
AALI_13,AALI Corp 13,Palm Oil,760.16,364.39,395.77,242.92,1.94,25.01,52.03,16.71,1,2023,2
AALI_14,AALI Corp 14,Palm Oil,124.81,97.09,27.72,59.56,2.08,12.74,9.33,1.42,1,2023,3
AALI_15,AALI Corp 15,Palm Oil,293.31,169.07,124.25,276.20,2.22,42.76,77.08,11.98,1,2023,4
ANTM_0,ANTM Corp 0,Mining,225.43,84.52,140.91,92.83,2.36,8.89,20.57,6.82,1,2023,1
ANTM_1,ANTM Corp 1,Mining,431.62,290.68,140.94,309.47,2.50,63.96,50.74,8.50,1,2023,2
ANTM_2,ANTM Corp 2,Mining,348.20,164.34,183.85,126.11,2.63,18.61,36.12,17.11,1,2023,3
ANTM_3,ANTM Corp 3,Mining,592.08,456.20,135.88,342.75,2.77,30.34,78.44,22.83,1,2023,4
ANTM_4,ANTM Corp 4,Mining,493.10,280.59,212.51,159.38,2.91,31.79,27.30,13.80,0,2023,1
ANTM_5,ANTM Corp 5,Mining,774.68,284.74,489.94,376.02,3.05,52.79,110.45,13.49,1,2023,2
ANTM_6,ANTM Corp 6,Mining,197.78,131.74,66.04,192.66,3.19,15.66,45.50,9.26,1,2023,3
ANTM_7,ANTM Corp 7,Mining,979.42,455.04,524.37,409.29,3.33,78.68,73.11,35.52,1,2023,4
ANTM_8,ANTM Corp 8,Mining,307.11,234.37,72.75,225.93,3.47,30.08,27.35,7.89,1,2023,1
ANTM_9,ANTM Corp 9,Mining,116.03,65.17,50.86,42.57,3.60,10.39,10.37,1.75,1,2023,2
ANTM_10,ANTM Corp 10,Mining,438.59,157.97,280.62,259.21,3.74,47.96,48.20,19.54,1,2023,3
ANTM_11,ANTM Corp 11,Mining,231.96,152.80,79.17,75.84,3.88,9.55,9.74,7.88,1,2023,4
ANTM_12,ANTM Corp 12,Mining,592.22,270.78,321.44,292.48,4.02,69.28,73.36,13.86,1,2023,1
ANTM_13,ANTM Corp 13,Mining,108.15,81.74,26.42,109.12,4.16,19.40,21.09,1.39,1,2023,2
ANTM_14,ANTM Corp 14,Mining,767.98,425.68,342.30,325.76,4.30,38.67,44.21,32.46,1,2023,3
ANTM_15,ANTM Corp 15,Mining,188.52,66.51,122.01,142.39,4.44,32.70,36.76,5.97,1,2023,4
ASII_0,ASII Corp 0,Automotive,965.89,629.12,336.78,359.03,4.58,61.24,72.02,20.40,1,2023,1
ASII_1,ASII Corp 1,Automotive,291.02,130.92,160.10,175.67,4.71,19.59,25.13,3.07,1,2023,2
ASII_2,ASII Corp 2,Automotive,1185.95,887.54,298.40,392.30,4.85,87.26,104.15,47.40,1,2023,3
ASII_3,ASII Corp 3,Automotive,415.67,227.33,188.34,208.94,4.99,34.13,43.45,12.22,1,2023,4
ASII_4,ASII Corp 4,Automotive,24.45,8.44,16.00,25.58,0.13,2.67,3.85,0.46,1,2023,1
ASII_5,ASII Corp 5,Automotive,562.46,362.20,200.26,242.22,0.27,52.12,66.08,27.14,0,2023,2
ASII_6,ASII Corp 6,Automotive,75.83,33.55,42.28,58.85,0.41,9.19,12.67,2.86,1,2023,3
ASII_7,ASII Corp 7,Automotive,731.40,541.97,189.43,275.49,0.55,26.74,43.45,19.83,1,2023,4
ASII_8,ASII Corp 8,Automotive,149.36,80.59,68.78,92.13,0.68,19.16,25.81,2.47,1,2023,1
ASII_9,ASII Corp 9,Automotive,922.48,311.85,610.62,308.76,0.82,45.98,68.73,42.40,1,2023,2
ASII_10,ASII Corp 10,Automotive,245.04,155.99,89.05,125.40,0.96,11.27,20.70,8.67,1,2023,3
ASII_11,ASII Corp 11,Automotive,314.81,136.97,177.83,342.04,1.10,68.67,98.33,7.81,1,2023,4
ASII_12,ASII Corp 12,Automotive,362.85,266.20,96.65,158.68,1.24,22.48,36.48,5.17,1,2023,1
ASII_13,ASII Corp 13,Automotive,470.31,250.28,220.03,375.31,1.38,31.00,64.69,20.54,1,2023,2
ASII_14,ASII Corp 14,Automotive,502.81,166.27,336.54,191.95,1.52,37.15,56.59,16.65,1,2023,3
ASII_15,ASII Corp 15,Automotive,647.97,407.71,240.26,408.59,1.65,54.94,96.93,14.60,1,2023,4
BBCA_0,BBCA Corp 0,Banking,1566.01,669.84,896.17,530.45,1.79,130.17,95.31,18.73,1,2023,1
BBCA_1,BBCA Corp 1,Banking,314.12,228.14,85.99,163.72,1.93,30.50,20.00,13.00,1,2023,2
BBCA_2,BBCA Corp 2,Banking,528.33,277.26,251.07,597.00,2.07,75.96,146.01,16.28,1,2023,3
BBCA_3,BBCA Corp 3,Banking,518.43,167.61,350.81,230.27,2.21,54.84,43.06,10.49,1,2023,4
BBCA_4,BBCA Corp 4,Banking,808.02,502.46,305.56,663.55,2.35,118.84,85.90,40.13,1,2023,1
BBCA_5,BBCA Corp 5,Banking,767.02,322.42,444.59,296.82,2.49,35.62,74.77,29.99,1,2023,2
BBCA_6,BBCA Corp 6,Banking,1131.99,813.77,318.22,730.10,2.63,168.61,141.89,32.29,1,2023,3
BBCA_7,BBCA Corp 7,Banking,1059.89,548.40,511.49,363.37,2.76,62.45,49.70,19.03,1,2023,4
BBCA_8,BBCA Corp 8,Banking,1500.25,473.99,1026.27,796.64,2.90,89.86,206.51,71.08,1,2023,1
BBCA_9,BBCA Corp 9,Banking,365.25,224.43,140.82,429.92,3.04,96.18,86.70,13.44,1,2023,2
BBCA_10,BBCA Corp 10,Banking,1912.80,789.96,1122.84,863.19,3.18,142.13,124.40,50.19,0,2023,3
BBCA_11,BBCA Corp 11,Banking,586.99,417.65,169.34,496.47,3.32,52.42,132.34,9.20,1,2023,4
BBCA_12,BBCA Corp 12,Banking,330.67,168.66,162.02,129.74,3.46,28.09,27.12,14.91,1,2023,1
BBCA_13,BBCA Corp 13,Banking,853.01,263.21,589.81,563.02,3.60,88.64,85.26,29.45,1,2023,2
BBCA_14,BBCA Corp 14,Banking,565.60,343.37,222.23,196.29,3.73,19.31,53.76,13.55,1,2023,3
BBCA_15,BBCA Corp 15,Banking,1163.32,471.86,691.46,629.57,3.87,131.76,136.19,15.56,1,2023,4
BBNI_0,BBNI Corp 0,Banking,214.00,150.69,63.32,262.84,4.01,39.48,41.73,9.16,1,2023,1
BBNI_1,BBNI Corp 1,Banking,1517.92,763.00,754.92,696.11,4.15,63.44,195.75,48.92,1,2023,2
BBNI_2,BBNI Corp 2,Banking,377.79,113.79,264.00,329.39,4.29,66.56,73.67,8.18,1,2023,3
BBNI_3,BBNI Corp 3,Banking,1916.81,1149.53,767.27,762.66,4.43,109.05,126.67,21.25,1,2023,4
BBNI_4,BBNI Corp 4,Banking,585.86,233.31,352.55,395.94,4.57,33.23,114.24,23.74,1,2023,1
BBNI_5,BBNI Corp 5,Banking,2359.98,1644.35,715.63,829.21,4.71,161.57,191.53,70.66,1,2023,2
BBNI_6,BBNI Corp 6,Banking,838.22,415.16,423.06,462.49,4.84,62.79,80.20,16.24,1,2023,3
BBNI_7,BBNI Corp 7,Banking,2847.44,2260.34,587.10,895.76,4.98,220.98,265.02,138.95,1,2023,4
BBNI_8,BBNI Corp 8,Banking,1134.87,672.23,462.64,529.04,0.12,99.26,126.07,43.38,1,2023,1
BBNI_9,BBNI Corp 9,Banking,180.41,70.52,109.90,162.31,0.26,20.86,29.34,4.99,1,2023,2
BBNI_10,BBNI Corp 10,Banking,1475.80,1017.40,458.40,595.58,0.40,142.63,73.37,25.21,1,2023,3
BBNI_11,BBNI Corp 11,Banking,330.54,161.27,169.26,228.86,0.54,41.29,56.22,15.37,0,2023,4
BBNI_12,BBNI Corp 12,Banking,1861.03,1463.58,397.44,662.13,0.68,80.33,124.53,66.88,1,2023,1
BBNI_13,BBNI Corp 13,Banking,524.95,307.08,217.87,295.41,0.81,68.61,38.56,13.31,1,2023,2
BBNI_14,BBNI Corp 14,Banking,2290.54,878.40,1412.14,728.68,0.95,126.19,184.33,33.88,1,2023,3
BBNI_15,BBNI Corp 15,Banking,763.64,520.82,242.83,361.96,1.09,41.30,70.73,33.77,1,2023,4
BBRI_0,BBRI Corp 0,Banking,855.78,411.24,444.54,795.23,1.23,178.95,109.62,28.79,1,2023,1
BBRI_1,BBRI Corp 1,Banking,1046.63,815.39,231.24,428.50,1.37,71.11,111.53,24.15,1,2023,2
BBRI_2,BBRI Corp 2,Banking,1214.15,701.28,512.87,861.78,1.51,92.11,174.71,15.18,1,2023,3
BBRI_3,BBRI Corp 3,Banking,1373.90,516.75,857.16,495.05,1.65,107.83,71.87,57.61,1,2023,4
BBRI_4,BBRI Corp 4,Banking,223.50,150.78,72.72,128.33,1.78,20.37,34.34,7.01,1,2023,1
BBRI_5,BBRI Corp 5,Banking,1745.46,825.89,919.57,561.60,1.92,55.97,117.97,36.28,1,2023,2
BBRI_6,BBRI Corp 6,Banking,404.25,311.95,92.29,194.88,2.06,41.04,29.72,4.13,1,2023,3
BBRI_7,BBRI Corp 7,Banking,653.75,372.78,280.97,628.15,2.20,95.17,172.71,25.92,1,2023,4
BBRI_8,BBRI Corp 8,Banking,629.28,232.04,397.24,261.43,2.34,24.17,56.83,18.29,1,2023,1
BBRI_9,BBRI Corp 9,Banking,954.16,636.68,317.48,694.70,2.48,141.28,111.03,17.65,1,2023,2
BBRI_10,BBRI Corp 10,Banking,898.60,418.56,480.04,327.97,2.62,47.32,92.58,43.07,1,2023,3
BBRI_11,BBRI Corp 11,Banking,1298.87,992.75,306.12,761.25,2.76,64.87,171.06,48.52,1,2023,4
BBRI_12,BBRI Corp 12,Banking,1212.21,682.28,529.93,394.52,2.89,77.38,65.95,32.46,1,2023,1
BBRI_13,BBRI Corp 13,Banking,1687.86,609.94,1077.92,827.80,3.03,113.47,239.73,27.36,1,2023,2
BBRI_14,BBRI Corp 14,Banking,463.54,305.89,157.65,461.07,3.17,114.35,106.99,21.15,1,2023,3
BBRI_15,BBRI Corp 15,Banking,2121.14,972.37,1148.77,894.35,3.31,168.96,156.05,74.37,1,2023,4
BBTN_0,BBTN Corp 0,Banking,706.01,534.41,171.60,527.62,3.45,68.51,156.66,17.29,0,2023,1
BBTN_1,BBTN Corp 1,Banking,435.13,241.70,193.43,160.89,3.59,38.74,38.51,6.06,1,2023,2
BBTN_2,BBTN Corp 2,Banking,992.76,351.43,641.33,594.17,3.73,107.96,108.03,43.03,1,2023,3
BBTN_3,BBTN Corp 3,Banking,690.79,450.76,240.04,227.44,3.86,27.89,28.26,22.64,1,2023,4
BBTN_4,BBTN Corp 4,Banking,1323.80,597.09,726.71,660.72,4.00,154.32,163.00,29.39,1,2023,1
BBTN_5,BBTN Corp 5,Banking,285.16,213.75,71.41,293.99,4.14,51.30,55.61,3.32,1,2023,2
BBTN_6,BBTN Corp 6,Banking,1699.13,931.28,767.85,727.27,4.28,83.93,95.70,69.76,1,2023,3
BBTN_7,BBTN Corp 7,Banking,469.68,162.80,306.88,360.54,4.42,81.60,91.59,14.32,1,2023,4
BBTN_8,BBTN Corp 8,Banking,2118.75,1366.90,751.85,793.82,4.56,132.78,155.96,42.19,1,2023,1
BBTN_9,BBTN Corp 9,Banking,698.48,309.89,388.59,427.09,4.70,46.21,59.33,34.46,1,2023,2
BBTN_10,BBTN Corp 10,Banking,2582.65,1916.83,665.82,860.36,4.83,188.52,224.86,100.13,1,2023,3
BBTN_11,BBTN Corp 11,Banking,971.57,525.35,446.22,493.64,4.97,79.00,100.60,27.40,1,2023,4
BBTN_12,BBTN Corp 12,Banking,118.61,40.24,78.37,126.91,0.11,12.81,18.56,2.09,1,2023,1
BBTN_13,BBTN Corp 13,Banking,1288.95,822.05,466.90,560.19,0.25,118.70,150.51,60.65,1,2023,2
BBTN_14,BBTN Corp 14,Banking,245.17,106.97,138.21,193.46,0.39,29.56,40.84,8.94,1,2023,3
BBTN_15,BBTN Corp 15,Banking,1650.62,1212.91,437.71,626.74,0.53,58.75,96.24,42.76,1,2023,4
BJBR_0,BJBR Corp 0,Banking,416.03,221.89,194.14,260.01,0.67,53.22,71.76,6.38,1,2023,1
BJBR_1,BJBR Corp 1,Banking,2056.57,682.52,1374.06,693.29,0.81,100.94,151.45,92.06,0,2023,2
BJBR_2,BJBR Corp 2,Banking,631.17,397.89,233.28,326.56,0.94,28.26,52.54,21.58,1,2023,3
BJBR_3,BJBR Corp 3,Banking,683.21,293.04,390.17,759.83,1.08,150.03,215.29,16.14,1,2023,4
BJBR_4,BJBR Corp 4,Banking,890.60,647.86,242.74,393.11,1.22,54.40,88.75,11.62,1,2023,1
BJBR_5,BJBR Corp 5,Banking,1018.02,535.45,482.57,826.38,1.36,206.02,139.01,43.24,1,2023,2
BJBR_6,BJBR Corp 6,Banking,1194.32,387.55,806.77,459.66,1.50,87.44,133.60,38.10,1,2023,3
BJBR_7,BJBR Corp 7,Banking,1397.12,870.44,526.69,892.93,1.64,117.11,208.15,29.80,1,2023,4
BJBR_8,BJBR Corp 8,Banking,1542.32,650.16,892.16,526.21,1.78,127.39,92.37,16.59,1,2023,1
BJBR_9,BJBR Corp 9,Banking,302.60,217.89,84.71,159.48,1.91,29.19,47.52,12.16,1,2023,2
BJBR_10,BJBR Corp 10,Banking,512.00,265.52,246.48,592.75,2.05,73.46,142.52,15.16,1,2023,3
BJBR_11,BJBR Corp 11,Banking,504.08,159.85,344.22,226.03,2.19,53.09,41.34,9.60,1,2023,4
BJBR_12,BJBR Corp 12,Banking,788.86,485.66,303.20,659.30,2.33,115.90,82.62,38.23,1,2023,1
BJBR_13,BJBR Corp 13,Banking,749.84,310.56,439.28,292.58,2.47,34.15,72.49,28.42,1,2023,2
BJBR_14,BJBR Corp 14,Banking,1110.01,791.10,318.91,725.85,2.61,165.23,138.06,30.33,1,2023,3
BJBR_15,BJBR Corp 15,Banking,1039.90,531.62,508.28,359.13,2.75,60.54,47.64,17.42,1,2023,4
TLKM_0,TLKM Corp 0,Telecommunications,663.24,205.44,457.81,356.20,2.89,39.00,90.86,30.63,1,2023,1
TLKM_1,TLKM Corp 1,Telecommunications,143.17,87.09,56.08,172.84,3.02,38.10,34.14,5.10,1,2023,2
TLKM_2,TLKM Corp 2,Telecommunications,854.80,347.73,507.07,389.47,3.16,62.84,54.52,21.40,0,2023,3
TLKM_3,TLKM Corp 3,Telecommunications,239.32,168.80,70.52,206.11,3.30,21.08,54.09,3.46,1,2023,4
TLKM_4,TLKM Corp 4,Telecommunications,57.50,28.97,28.53,22.75,3.44,4.85,4.66,2.52,1,2023,1
TLKM_5,TLKM Corp 5,Telecommunications,357.61,108.13,249.48,239.39,3.58,36.90,35.26,11.91,1,2023,2
TLKM_6,TLKM Corp 6,Telecommunications,160.24,96.29,63.95,56.02,3.72,5.33,15.11,3.64,1,2023,3
TLKM_7,TLKM Corp 7,Telecommunications,498.04,198.93,299.11,272.66,3.86,56.16,57.85,6.06,1,2023,4
TLKM_8,TLKM Corp 8,Telecommunications,285.13,199.00,86.12,89.30,3.99,13.12,13.81,11.86,1,2023,1
TLKM_9,TLKM Corp 9,Telecommunications,660.62,327.98,332.64,305.94,4.13,26.87,84.77,20.50,1,2023,2
TLKM_10,TLKM Corp 10,Telecommunications,137.98,109.70,28.29,122.57,4.27,24.36,26.91,2.82,1,2023,3
TLKM_11,TLKM Corp 11,Telecommunications,845.34,501.73,343.61,339.21,4.41,47.38,54.94,42.17,1,2023,4
TLKM_12,TLKM Corp 12,Telecommunications,227.30,89.11,138.18,155.85,4.55,12.56,44.32,8.94,1,2023,1
TLKM_13,TLKM Corp 13,Telecommunications,1052.20,726.63,325.58,372.48,4.69,71.34,84.49,30.24,1,2023,2
TLKM_14,TLKM Corp 14,Telecommunications,338.75,165.68,173.07,189.12,4.83,25.05,32.02,6.15,1,2023,3
TLKM_15,TLKM Corp 15,Telecommunications,1281.21,1009.12,272.10,405.76,4.96,98.76,118.37,60.98,1,2023,4
INDF_0,INDF Corp 0,Food & Beverage,472.36,276.87,195.48,222.40,0.10,40.99,52.08,17.49,1,2023,1
INDF_1,INDF Corp 1,Food & Beverage,42.56,16.37,26.19,39.03,0.24,4.89,6.89,1.13,1,2023,2
INDF_2,INDF Corp 2,Food & Beverage,628.10,429.12,198.98,255.67,0.38,60.38,76.46,9.97,1,2023,3
INDF_3,INDF Corp 3,Food & Beverage,102.90,49.57,53.33,72.31,0.52,12.81,17.46,4.66,1,2023,4
INDF_4,INDF Corp 4,Food & Beverage,805.99,628.88,177.12,288.94,0.66,34.10,53.15,28.00,1,2023,1
INDF_5,INDF Corp 5,Food & Beverage,185.38,107.29,78.09,105.58,0.80,24.17,13.34,4.48,1,2023,2
INDF_6,INDF Corp 6,Food & Beverage,1006.02,379.57,626.45,322.22,0.94,54.74,80.18,13.67,1,2023,3
INDF_7,INDF Corp 7,Food & Beverage,290.01,195.99,94.01,138.86,1.07,15.38,26.56,12.48,0,2023,4
INDF_8,INDF Corp 8,Food & Beverage,375.02,177.89,197.13,355.49,1.21,78.82,47.53,12.17,1,2023,1
INDF_9,INDF Corp 9,Food & Beverage,416.78,322.12,94.66,172.13,1.35,28.00,44.09,9.12,1,2023,2
INDF_10,INDF Corp 10,Food & Beverage,539.48,308.26,231.22,388.77,1.49,40.27,77.21,6.10,1,2023,3
INDF_11,INDF Corp 11,Food & Beverage,565.69,209.26,356.43,205.40,1.63,44.06,28.97,23.04,1,2023,4
INDF_12,INDF Corp 12,Food & Beverage,37.92,25.35,12.57,22.04,1.77,3.43,5.81,1.14,1,2023,1
INDF_13,INDF Corp 13,Food & Beverage,736.75,344.05,392.71,238.68,1.91,23.00,49.15,14.43,1,2023,2
INDF_14,INDF Corp 14,Food & Beverage,113.57,86.94,26.63,55.32,2.04,11.47,8.21,5.57,1,2023,3
INDF_15,INDF Corp 15,Food & Beverage,277.26,156.38,120.88,271.95,2.18,40.31,73.65,10.66,1,2023,4
UNVR_0,UNVR Corp 0,Consumer Goods,211.37,76.63,134.74,88.59,2.32,7.90,18.89,5.89,1,2023,1
UNVR_1,UNVR Corp 1,Consumer Goods,412.75,272.86,139.89,305.23,2.46,61.06,47.52,7.14,1,2023,2
UNVR_2,UNVR Corp 2,Consumer Goods,331.31,152.27,179.04,121.87,2.60,17.18,33.89,15.48,1,2023,3
UNVR_3,UNVR Corp 3,Consumer Goods,570.38,432.42,137.96,338.50,2.74,27.73,74.67,20.62,1,2023,4
UNVR_4,UNVR Corp 4,Consumer Goods,473.39,263.51,209.88,155.14,2.88,29.92,25.29,12.11,1,2023,1
UNVR_5,UNVR Corp 5,Consumer Goods,750.16,266.44,483.72,371.78,3.01,49.73,106.13,11.26,1,2023,2
UNVR_6,UNVR Corp 6,Consumer Goods,185.42,121.21,64.21,188.41,3.15,46.10,42.94,8.24,1,2023,3
UNVR_7,UNVR Corp 7,Consumer Goods,952.07,430.55,521.52,405.05,3.29,75.19,69.00,32.24,1,2023,4
UNVR_8,UNVR Corp 8,Consumer Goods,291.94,219.17,72.76,221.69,3.43,28.05,64.91,6.80,0,2023,1
UNVR_9,UNVR Corp 9,Consumer Goods,102.84,56.49,46.35,38.33,3.57,9.10,9.02,1.31,1,2023,2
UNVR_10,UNVR Corp 10,Consumer Goods,420.59,146.28,274.31,254.96,3.71,45.48,45.30,17.73,1,2023,3
UNVR_11,UNVR Corp 11,Consumer Goods,215.94,139.57,76.37,71.60,3.85,8.54,8.60,6.82,1,2023,4
UNVR_12,UNVR Corp 12,Consumer Goods,571.39,254.19,317.20,288.24,3.99,66.37,69.91,12.00,1,2023,1
UNVR_13,UNVR Corp 13,Consumer Goods,99.50,73.96,25.53,104.87,4.12,17.95,19.40,1.04,1,2023,2
UNVR_14,UNVR Corp 14,Consumer Goods,744.33,403.36,340.98,321.51,4.26,36.04,40.97,29.67,1,2023,3
UNVR_15,UNVR Corp 15,Consumer Goods,177.03,60.27,116.77,138.15,4.40,30.81,34.52,5.18,1,2023,4
PGAS_0,PGAS Corp 0,Energy,939.42,600.25,339.17,354.79,4.54,58.17,68.24,17.58,1,2023,1
PGAS_1,PGAS Corp 1,Energy,276.71,121.06,155.66,171.42,4.68,17.98,23.10,13.32,1,2023,2
PGAS_2,PGAS Corp 2,Energy,1156.65,851.30,305.35,388.06,4.82,83.75,99.81,43.45,1,2023,3
PGAS_3,PGAS Corp 3,Energy,398.54,213.03,185.51,204.70,4.96,32.08,40.87,10.76,1,2023,4
PGAS_4,PGAS Corp 4,Energy,19.49,6.49,13.00,21.33,0.09,2.08,3.03,0.32,1,2023,1
PGAS_5,PGAS Corp 5,Energy,542.51,342.64,199.87,237.97,0.23,49.64,62.95,24.87,1,2023,2
PGAS_6,PGAS Corp 6,Energy,68.05,29.27,38.78,54.61,0.37,8.16,11.30,2.40,1,2023,3
PGAS_7,PGAS Corp 7,Energy,708.62,516.32,192.30,271.25,0.51,24.53,40.53,17.51,1,2023,4
PGAS_8,PGAS Corp 8,Energy,138.75,73.14,65.61,87.88,0.65,17.70,23.89,1.96,1,2023,1
PGAS_9,PGAS Corp 9,Energy,896.87,292.10,604.78,304.52,0.79,43.33,65.26,39.07,1,2023,2
PGAS_10,PGAS Corp 10,Energy,231.60,144.57,87.03,121.16,0.93,10.08,18.99,7.64,1,2023,3
PGAS_11,PGAS Corp 11,Energy,296.56,125.37,171.20,337.80,1.06,65.58,94.31,6.65,1,2023,4
PGAS_12,PGAS Corp 12,Energy,346.59,249.98,96.61,154.43,1.20,20.86,34.23,4.11,1,2023,1
PGAS_13,PGAS Corp 13,Energy,449.25,233.51,215.74,371.07,1.34,91.28,60.89,18.54,0,2023,2
PGAS_14,PGAS Corp 14,Energy,483.73,153.97,329.76,187.71,1.48,35.09,53.78,14.85,1,2023,3
PGAS_15,PGAS Corp 15,Energy,624.08,384.95,239.13,404.34,1.62,51.70,92.58,12.56,1,2023,4
WIKA_0,WIKA Corp 0,Construction,643.01,267.08,375.93,220.98,1.76,52.76,37.88,31.86,1,2023,1
WIKA_1,WIKA Corp 1,Construction,70.58,50.38,20.19,37.62,1.90,6.76,11.05,2.75,1,2023,2
WIKA_2,WIKA Corp 2,Construction,214.22,109.77,104.45,254.26,2.04,30.67,60.08,6.09,1,2023,3
WIKA_3,WIKA Corp 3,Construction,156.60,48.69,107.91,70.89,2.17,16.42,12.67,2.79,1,2023,4
WIKA_4,WIKA Corp 4,Construction,337.93,205.95,131.98,287.53,2.31,49.59,34.84,15.97,1,2023,1
WIKA_5,WIKA Corp 5,Construction,264.76,108.02,156.74,104.17,2.45,11.81,25.38,9.71,1,2023,2
WIKA_6,WIKA Corp 6,Construction,483.78,341.80,141.99,320.80,2.59,71.97,59.69,12.64,1,2023,3
WIKA_7,WIKA Corp 7,Construction,395.06,199.52,195.54,137.44,2.73,22.71,17.66,6.14,1,2023,4
WIKA_8,WIKA Corp 8,Construction,651.78,197.85,453.93,354.08,2.87,37.60,88.86,29.31,1,2023,1
WIKA_9,WIKA Corp 9,Construction,137.79,82.96,54.83,170.72,3.01,37.06,33.02,4.74,1,2023,2
WIKA_10,WIKA Corp 10,Construction,841.92,337.28,504.64,387.35,3.14,61.22,52.62,20.06,1,2023,3
WIKA_11,WIKA Corp 11,Construction,232.53,162.57,69.96,203.99,3.28,20.19,52.69,3.08,1,2023,4
WIKA_12,WIKA Corp 12,Construction,51.70,25.73,25.97,20.63,3.42,4.33,4.14,2.21,1,2023,1
WIKA_13,WIKA Corp 13,Construction,349.40,278.19,71.21,237.26,3.56,35.78,33.97,11.22,1,2023,2
WIKA_14,WIKA Corp 14,Construction,153.03,91.01,62.02,53.90,3.70,4.95,14.32,3.30,0,2023,3
WIKA_15,WIKA Corp 15,Construction,488.43,192.07,296.36,270.54,3.84,54.83,56.28,5.36,1,2023,4
ADRO_0,ADRO Corp 0,Coal Mining,276.50,191.27,85.23,87.18,3.98,12.52,13.12,11.17,1,2023,1
ADRO_1,ADRO Corp 1,Coal Mining,649.59,318.48,331.11,303.81,4.12,25.68,82.92,19.38,1,2023,2
ADRO_2,ADRO Corp 2,Coal Mining,133.04,104.94,28.10,120.45,4.25,23.54,25.94,2.56,1,2023,3
ADRO_3,ADRO Corp 3,Coal Mining,832.90,489.19,343.71,337.09,4.39,45.97,53.20,40.55,1,2023,4
ADRO_4,ADRO Corp 4,Coal Mining,220.94,85.25,135.69,153.72,4.53,38.02,43.08,8.42,1,2023,1
ADRO_5,ADRO Corp 5,Coal Mining,1038.35,710.63,327.72,370.36,4.67,69.71,82.48,28.59,1,2023,2
ADRO_6,ADRO Corp 6,Coal Mining,330.99,159.84,171.15,187.00,4.81,24.15,30.88,5.62,1,2023,3
ADRO_7,ADRO Corp 7,Coal Mining,1265.95,989.26,276.69,403.64,4.95,96.91,116.08,58.73,1,2023,4
ADRO_8,ADRO Corp 8,Coal Mining,463.18,268.62,194.55,220.27,0.09,39.87,50.67,16.59,1,2023,1
ADRO_9,ADRO Corp 9,Coal Mining,39.46,14.94,24.53,36.91,0.22,4.50,6.37,1.00,1,2023,2
ADRO_10,ADRO Corp 10,Coal Mining,617.51,418.06,199.45,253.55,0.36,59.04,74.78,9.06,1,2023,3
ADRO_11,ADRO Corp 11,Coal Mining,98.39,46.79,51.60,70.19,0.50,12.20,16.66,4.34,1,2023,4
ADRO_12,ADRO Corp 12,Coal Mining,793.99,614.59,179.39,286.82,0.64,32.90,51.57,26.62,1,2023,1
ADRO_13,ADRO Corp 13,Coal Mining,179.46,102.76,76.70,103.46,0.78,23.34,12.65,4.12,1,2023,2
ADRO_14,ADRO Corp 14,Coal Mining,992.61,368.37,624.24,320.10,0.92,53.32,78.32,12.30,1,2023,3
ADRO_15,ADRO Corp 15,Coal Mining,282.67,189.29,93.39,136.73,1.06,14.70,25.59,11.82,0,2023,4
ITMG_0,ITMG Corp 0,Coal Mining,365.28,171.01,194.27,353.37,1.19,77.18,45.79,11.41,1,2023,1
ITMG_1,ITMG Corp 1,Coal Mining,408.03,312.83,95.20,170.01,1.33,27.09,42.84,8.43,1,2023,2
ITMG_2,ITMG Corp 2,Coal Mining,528.33,298.62,229.71,386.65,1.47,38.77,75.19,5.34,1,2023,3
ITMG_3,ITMG Corp 3,Coal Mining,555.54,202.07,353.47,203.28,1.61,42.93,27.83,21.96,1,2023,4
ITMG_4,ITMG Corp 4,Coal Mining,33.85,22.42,11.43,19.92,1.75,3.03,5.17,0.98,1,2023,1
ITMG_5,ITMG Corp 5,Coal Mining,725.18,334.15,391.03,236.56,1.89,22.01,47.73,13.33,1,2023,2
ITMG_6,ITMG Corp 6,Coal Mining,108.09,82.07,26.02,53.19,2.03,10.85,7.67,5.17,1,2023,3
ITMG_7,ITMG Corp 7,Coal Mining,269.37,150.27,119.11,269.83,2.17,39.10,71.96,10.03,1,2023,4
ITMG_8,ITMG Corp 8,Coal Mining,204.47,72.87,131.61,86.47,2.30,7.42,18.08,5.45,1,2023,1
ITMG_9,ITMG Corp 9,Coal Mining,403.45,264.21,139.24,303.11,2.44,59.64,45.94,6.49,1,2023,2
ITMG_10,ITMG Corp 10,Coal Mining,323.00,146.45,176.55,119.74,2.58,16.49,32.81,14.70,1,2023,3
ITMG_11,ITMG Corp 11,Coal Mining,559.67,420.84,138.83,336.38,2.72,83.63,72.81,19.56,1,2023,4
ITMG_12,ITMG Corp 12,Coal Mining,463.67,255.23,208.44,153.02,2.86,29.00,24.31,11.30,1,2023,1
ITMG_13,ITMG Corp 13,Coal Mining,738.03,257.56,480.47,369.65,3.00,48.22,103.99,10.19,1,2023,2
ITMG_14,ITMG Corp 14,Coal Mining,179.38,116.15,63.23,186.29,3.14,44.97,41.69,7.75,1,2023,3
ITMG_15,ITMG Corp 15,Coal Mining,938.54,418.62,519.91,402.93,3.27,73.46,66.97,30.65,1,2023,4
INCO_0,INCO Corp 0,Mining,284.48,211.82,72.67,219.57,3.41,27.06,63.38,6.28,1,2023,1
INCO_1,INCO Corp 1,Mining,96.37,52.34,44.03,36.20,3.55,8.48,8.37,1.11,1,2023,2
INCO_2,INCO Corp 2,Mining,411.73,140.65,271.07,252.84,3.69,44.27,43.88,16.86,1,2023,3
INCO_3,INCO Corp 3,Mining,208.07,133.19,74.88,69.48,3.83,8.06,20.56,6.32,1,2023,4
INCO_4,INCO Corp 4,Mining,561.11,246.14,314.97,286.12,3.97,64.93,68.22,11.11,0,2023,1
INCO_5,INCO Corp 5,Mining,95.30,70.26,25.05,102.75,4.11,17.25,18.58,4.69,1,2023,2
INCO_6,INCO Corp 6,Mining,732.64,392.49,340.15,319.39,4.24,34.75,39.38,28.32,1,2023,3
INCO_7,INCO Corp 7,Mining,171.43,57.30,114.13,136.03,4.38,29.89,33.43,4.81,1,2023,4
INCO_8,INCO Corp 8,Mining,926.32,586.14,340.18,352.66,4.52,56.66,66.37,16.22,1,2023,1
INCO_9,INCO Corp 9,Mining,269.70,116.32,153.38,169.30,4.66,17.20,22.12,12.66,1,2023,2
INCO_10,INCO Corp 10,Mining,1142.14,833.55,308.59,385.94,4.80,82.01,97.67,41.53,1,2023,3
INCO_11,INCO Corp 11,Mining,390.11,206.11,184.00,202.58,4.94,31.08,39.61,10.06,1,2023,4
INCO_12,INCO Corp 12,Mining,17.14,5.60,11.54,19.21,0.08,1.81,2.65,0.26,1,2023,1
INCO_13,INCO Corp 13,Mining,532.66,333.12,199.54,235.85,0.22,48.42,61.42,23.78,1,2023,2
INCO_14,INCO Corp 14,Mining,64.29,27.25,37.04,52.49,0.35,7.67,10.65,2.19,1,2023,3
INCO_15,INCO Corp 15,Mining,697.36,503.81,193.56,269.12,0.49,23.45,39.10,16.39,1,2023,4
TINS_0,TINS Corp 0,Mining,133.58,69.59,63.99,85.76,0.63,16.99,22.96,1.73,1,2023,1
TINS_1,TINS Corp 1,Mining,884.21,282.50,601.71,302.40,0.77,42.03,63.56,37.45,1,2023,2
TINS_2,TINS Corp 2,Mining,225.02,139.07,85.95,119.04,0.91,29.75,18.17,7.15,1,2023,3
TINS_3,TINS Corp 3,Mining,287.58,119.79,167.79,335.67,1.05,64.06,92.33,6.10,1,2023,4
TINS_4,TINS Corp 4,Mining,338.60,242.12,96.48,152.31,1.19,20.07,33.13,3.60,1,2023,1
TINS_5,TINS Corp 5,Mining,438.85,225.39,213.46,368.95,1.32,89.54,59.01,17.58,0,2023,2
TINS_6,TINS Corp 6,Mining,474.32,148.05,326.28,185.58,1.46,34.08,52.41,13.99,1,2023,3
TINS_7,TINS Corp 7,Mining,612.27,373.88,238.39,402.22,1.60,50.09,90.43,11.59,1,2023,4
TINS_8,TINS Corp 8,Mining,632.19,258.67,373.52,218.86,1.74,51.53,36.61,30.57,1,2023,1
TINS_9,TINS Corp 9,Mining,65.84,46.60,19.25,35.50,1.88,6.26,10.28,2.49,1,2023,2
TINS_10,TINS Corp 10,Mining,207.08,104.83,102.25,252.13,2.02,29.58,58.53,5.63,1,2023,3
TINS_11,TINS Corp 11,Mining,150.45,45.85,104.60,68.77,2.16,15.70,12.01,2.50,1,2023,4
TINS_12,TINS Corp 12,Mining,329.38,198.71,130.68,285.41,2.30,48.28,84.78,15.17,1,2023,1
TINS_13,TINS Corp 13,Mining,257.20,103.34,153.86,102.05,2.43,11.24,24.44,9.13,1,2023,2
TINS_14,TINS Corp 14,Mining,473.82,331.83,141.99,318.68,2.57,70.44,57.98,11.81,1,2023,3
TINS_15,TINS Corp 15,Mining,386.09,192.60,193.49,135.32,2.71,21.92,16.83,5.54,1,2023,4
BREN_0,BREN Corp 0,Energy,640.41,510.64,129.77,351.96,2.85,36.21,86.87,28.03,1,2023,1
BREN_1,BREN Corp 1,Energy,537.13,320.07,217.06,168.59,2.99,36.05,31.91,17.83,1,2023,2
BREN_2,BREN Corp 2,Energy,829.13,327.03,502.11,385.23,3.13,59.61,50.73,18.76,1,2023,3
BREN_3,BREN Corp 3,Energy,225.82,156.48,69.34,201.87,3.27,19.31,51.30,2.72,1,2023,4
BREN_4,BREN Corp 4,Energy,45.99,22.60,23.39,18.51,3.40,3.82,3.64,1.91,1,2023,1
BREN_5,BREN Corp 5,Energy,341.29,269.62,71.67,235.14,3.54,34.69,32.69,10.55,1,2023,2
BREN_6,BREN Corp 6,Energy,145.90,85.87,60.04,51.78,3.68,4.58,13.54,2.97,1,2023,3
BREN_7,BREN Corp 7,Energy,478.90,185.36,293.54,268.42,3.82,53.51,54.73,23.83,1,2023,4
BREN_8,BREN Corp 8,Energy,267.97,183.71,84.26,85.05,3.96,11.93,12.45,10.50,1,2023,1
BREN_9,BREN Corp 9,Energy,638.65,309.17,329.48,301.69,4.10,24.50,81.09,18.28,1,2023,2
BREN_10,BREN Corp 10,Energy,128.18,100.32,27.86,118.33,4.24,22.74,25.00,2.31,0,2023,3
BREN_11,BREN Corp 11,Energy,820.55,476.86,343.69,334.97,4.37,44.57,51.48,38.96,1,2023,4
BREN_12,BREN Corp 12,Energy,214.67,81.51,133.17,151.60,4.51,36.99,41.86,7.92,1,2023,1
BREN_13,BREN Corp 13,Energy,1024.59,694.87,329.72,368.24,4.65,68.10,80.48,26.98,1,2023,2
BREN_14,BREN Corp 14,Energy,323.31,154.13,169.18,184.88,4.79,23.27,29.77,5.10,1,2023,3
BREN_15,BREN Corp 15,Energy,1250.77,969.66,281.11,401.51,4.93,95.07,113.81,56.52,1,2023,4
SMGR_0,SMGR Corp 0,Cement,454.08,260.54,193.54,218.15,0.07,38.77,49.28,15.72,1,2023,1
SMGR_1,SMGR Corp 1,Cement,36.45,13.57,22.88,34.79,0.21,4.13,5.86,0.88,1,2023,2
SMGR_2,SMGR Corp 2,Cement,607.01,407.19,199.81,251.43,0.35,57.72,73.11,8.18,1,2023,3
SMGR_3,SMGR Corp 3,Cement,93.97,44.10,49.87,68.06,0.48,11.60,15.87,4.03,1,2023,4
SMGR_4,SMGR Corp 4,Cement,782.07,600.53,181.54,284.70,0.62,31.72,50.01,25.28,1,2023,1
SMGR_5,SMGR Corp 5,Cement,173.63,98.34,75.29,101.34,0.76,22.53,30.21,3.78,1,2023,2
SMGR_6,SMGR Corp 6,Cement,979.28,357.36,621.92,317.97,0.90,51.91,76.49,10.95,1,2023,3
SMGR_7,SMGR Corp 7,Cement,275.43,182.73,92.70,134.61,1.04,14.02,24.63,11.19,1,2023,4
SMGR_8,SMGR Corp 8,Cement,355.63,164.29,191.34,351.25,1.18,75.56,44.06,10.68,1,2023,1
SMGR_9,SMGR Corp 9,Cement,399.38,303.73,95.65,167.89,1.32,26.20,41.61,7.78,1,2023,2
SMGR_10,SMGR Corp 10,Cement,517.27,289.17,228.10,384.52,1.45,37.28,73.18,25.29,1,2023,3
SMGR_11,SMGR Corp 11,Cement,545.47,195.03,350.44,201.16,1.59,41.82,26.71,20.90,0,2023,4
SMGR_12,SMGR Corp 12,Cement,29.86,19.59,10.27,17.80,1.73,2.65,4.54,0.83,1,2023,1
SMGR_13,SMGR Corp 13,Cement,713.70,324.45,389.25,234.44,1.87,21.04,46.34,12.26,1,2023,2
SMGR_14,SMGR Corp 14,Cement,102.69,77.34,25.35,51.07,2.01,10.25,7.15,4.79,1,2023,3
SMGR_15,SMGR Corp 15,Cement,261.58,144.30,117.28,267.71,2.15,37.91,70.28,9.43,1,2023,4
CPRO_0,CPRO Corp 0,Property,197.66,69.22,128.45,84.35,2.29,6.96,17.29,5.03,1,2023,1
CPRO_1,CPRO Corp 1,Property,394.24,255.74,138.50,300.98,2.42,58.22,44.37,5.87,1,2023,2
CPRO_2,CPRO Corp 2,Property,314.78,140.78,174.00,117.62,2.56,15.81,31.74,13.95,1,2023,3
CPRO_3,CPRO Corp 3,Property,549.04,409.45,139.59,334.26,2.70,81.99,70.96,18.53,1,2023,4
CPRO_4,CPRO Corp 4,Property,454.04,247.12,206.92,150.90,2.84,28.10,23.35,10.52,1,2023,1
CPRO_5,CPRO Corp 5,Property,725.99,248.87,477.12,367.53,2.98,46.73,101.87,9.15,1,2023,2
CPRO_6,CPRO Corp 6,Property,173.43,111.23,62.21,184.17,3.12,43.85,40.45,7.29,1,2023,3
CPRO_7,CPRO Corp 7,Property,925.09,406.90,518.19,400.81,3.26,71.75,64.96,29.10,1,2023,4
CPRO_8,CPRO Corp 8,Property,277.12,204.62,72.50,217.44,3.40,26.08,61.87,5.79,1,2023,1
CPRO_9,CPRO Corp 9,Property,90.00,48.32,41.68,34.08,3.53,7.87,7.74,0.93,1,2023,2
CPRO_10,CPRO Corp 10,Property,402.95,135.16,267.79,250.72,3.67,43.07,42.47,16.01,1,2023,3
CPRO_11,CPRO Corp 11,Property,200.29,126.97,73.31,67.36,3.81,7.59,19.66,5.84,1,2023,4
CPRO_12,CPRO Corp 12,Property,550.93,238.26,312.66,283.99,3.95,63.51,66.53,10.24,0,2023,1
CPRO_13,CPRO Corp 13,Property,91.20,66.67,24.53,100.63,4.09,16.56,17.78,4.38,1,2023,2
CPRO_14,CPRO Corp 14,Property,721.04,381.81,339.23,317.27,4.23,33.47,94.92,27.00,1,2023,3
CPRO_15,CPRO Corp 15,Property,165.91,54.43,111.49,133.90,4.37,28.98,32.35,4.46,1,2023,4
LPKR_0,LPKR Corp 0,Real Estate,913.31,572.26,341.05,350.54,4.50,55.16,64.52,14.89,0,2023,1
LPKR_1,LPKR Corp 1,Real Estate,262.77,111.70,151.07,167.18,4.64,16.43,21.15,12.02,1,2023,2
LPKR_2,LPKR Corp 2,Real Estate,1127.71,816.04,311.67,383.82,4.78,80.29,95.55,39.65,1,2023,3
LPKR_3,LPKR Corp 3,Real Estate,381.77,199.34,182.43,200.45,4.92,30.09,38.36,9.39,1,2023,4
LPKR_4,LPKR Corp 4,Real Estate,14.88,4.77,10.11,17.09,0.06,1.56,2.29,0.21,1,2023,1
LPKR_5,LPKR Corp 5,Real Estate,522.91,323.79,199.12,233.73,0.20,47.21,59.90,22.72,1,2023,2
LPKR_6,LPKR Corp 6,Real Estate,60.62,25.32,35.30,50.37,0.34,7.20,10.01,1.99,1,2023,3
LPKR_7,LPKR Corp 7,Real Estate,686.20,491.49,194.71,267.00,0.48,22.38,37.69,15.30,1,2023,4
LPKR_8,LPKR Corp 8,Real Estate,128.50,66.15,62.35,83.64,0.61,16.29,22.05,1.51,1,2023,1
LPKR_9,LPKR Corp 9,Real Estate,871.63,273.09,598.55,300.28,0.75,40.74,61.87,35.87,1,2023,2
LPKR_10,LPKR Corp 10,Real Estate,218.53,133.70,84.83,116.91,0.89,28.83,17.36,6.68,1,2023,3
LPKR_11,LPKR Corp 11,Real Estate,278.68,114.36,164.32,333.55,1.03,62.55,90.37,5.58,1,2023,4
LPKR_12,LPKR Corp 12,Real Estate,330.70,234.42,96.27,150.19,1.17,19.29,32.04,16.35,1,2023,1
LPKR_13,LPKR Corp 13,Real Estate,428.54,217.44,211.10,366.83,1.31,87.81,57.15,16.66,1,2023,2
LPKR_14,LPKR Corp 14,Real Estate,465.01,142.26,322.75,183.46,1.45,33.08,51.05,13.16,1,2023,3
LPKR_15,LPKR Corp 15,Real Estate,600.55,363.00,237.54,400.10,1.58,48.51,88.30,10.64,1,2023,4
BKSL_0,BKSL Corp 0,Retail,621.46,250.44,371.03,216.74,1.72,50.32,35.36,29.30,1,2023,1
BKSL_1,BKSL Corp 1,Retail,61.20,42.93,18.27,33.37,1.86,5.78,9.53,2.24,0,2023,2
BKSL_2,BKSL Corp 2,Retail,200.04,100.02,100.01,250.01,2.00,28.51,57.01,5.20,1,2023,3
BKSL_3,BKSL Corp 3,Retail,144.39,115.31,29.09,66.65,2.14,14.99,11.36,2.23,1,2023,4
BKSL_4,BKSL Corp 4,Retail,320.92,191.62,129.31,283.29,2.28,46.99,82.98,14.40,1,2023,1
BKSL_5,BKSL Corp 5,Retail,249.73,98.79,150.94,99.92,2.42,10.67,23.52,8.56,1,2023,2
BKSL_6,BKSL Corp 6,Retail,463.95,322.04,141.91,316.56,2.55,68.92,56.28,11.00,1,2023,3
BKSL_7,BKSL Corp 7,Retail,377.21,185.84,191.38,133.20,2.69,21.13,16.01,4.96,1,2023,4
BKSL_8,BKSL Corp 8,Retail,629.12,497.75,131.37,349.83,2.83,34.83,84.90,26.78,1,2023,1
BKSL_9,BKSL Corp 9,Retail,526.84,310.68,216.16,166.47,2.97,35.04,30.82,16.86,1,2023,2
BKSL_10,BKSL Corp 10,Retail,816.44,316.97,499.47,383.11,3.11,58.01,48.87,17.49,1,2023,3
BKSL_11,BKSL Corp 11,Retail,219.21,150.55,68.67,199.75,3.25,18.45,49.94,2.38,1,2023,4
BKSL_12,BKSL Corp 12,Retail,40.37,19.59,20.78,16.38,3.39,3.33,3.15,1.63,1,2023,1
BKSL_13,BKSL Corp 13,Retail,333.27,261.22,72.05,233.02,3.53,33.60,31.43,9.90,1,2023,2
BKSL_14,BKSL Corp 14,Retail,138.87,80.87,58.00,49.66,3.66,4.23,12.78,2.66,1,2023,3
BKSL_15,BKSL Corp 15,Retail,469.46,178.80,290.66,266.30,3.80,52.21,53.20,22.80,1,2023,4
MAPI_0,MAPI Corp 0,Printing,259.52,176.31,83.21,82.93,3.94,11.36,11.79,9.86,1,2023,1
MAPI_1,MAPI Corp 1,Printing,627.80,300.03,327.77,299.57,4.08,74.27,79.28,17.22,1,2023,2
MAPI_2,MAPI Corp 2,Printing,123.42,95.83,27.59,116.21,4.22,21.94,24.07,2.08,0,2023,3
MAPI_3,MAPI Corp 3,Printing,808.29,464.73,343.56,332.84,4.36,43.19,49.77,37.41,1,2023,4
MAPI_4,MAPI Corp 4,Printing,208.50,77.87,130.63,149.48,4.50,35.98,40.66,7.44,1,2023,1
MAPI_5,MAPI Corp 5,Printing,1010.92,679.34,331.57,366.12,4.63,66.49,78.51,25.41,1,2023,2
MAPI_6,MAPI Corp 6,Printing,315.72,148.56,167.16,182.76,4.77,22.40,28.67,4.60,1,2023,3
MAPI_7,MAPI Corp 7,Printing,1235.69,950.32,285.37,399.39,4.91,93.25,111.56,54.36,1,2023,4
MAPI_8,MAPI Corp 8,Printing,445.08,252.62,192.46,216.03,0.05,37.67,47.91,14.87,1,2023,1
MAPI_9,MAPI Corp 9,Printing,33.54,12.28,21.26,32.67,0.19,3.77,5.36,0.77,1,2023,2
MAPI_10,MAPI Corp 10,Printing,596.59,396.52,200.08,249.30,0.33,56.40,71.46,7.32,1,2023,3
MAPI_11,MAPI Corp 11,Printing,89.64,41.52,48.12,65.94,0.47,11.02,15.11,3.74,1,2023,4
MAPI_12,MAPI Corp 12,Printing,770.25,586.68,183.56,282.58,0.60,30.55,48.47,23.98,1,2023,1
MAPI_13,MAPI Corp 13,Printing,167.89,94.05,73.84,99.22,0.74,21.73,29.17,3.45,1,2023,2
MAPI_14,MAPI Corp 14,Printing,966.04,346.55,619.49,315.85,0.88,50.52,74.67,48.29,1,2023,3
MAPI_15,MAPI Corp 15,Printing,268.28,176.33,91.95,132.49,1.02,13.37,23.70,10.57,1,2023,4
INDY_0,INDY Corp 0,Beverages (Alcohol),346.08,157.74,188.34,349.13,80.80,73.95,42.35,9.98,0,2023,1
INDY_1,INDY Corp 1,Beverages (Alcohol),390.81,294.79,96.02,165.76,81.49,25.32,40.40,7.14,0,2023,2
INDY_2,INDY Corp 2,Beverages (Alcohol),506.30,279.90,226.40,382.40,82.18,35.81,71.20,24.15,0,2023,3
INDY_3,INDY Corp 3,Beverages (Alcohol),535.49,188.15,347.34,199.04,82.88,40.72,25.60,19.88,0,2023,4
INDY_4,INDY Corp 4,Beverages (Alcohol),25.97,16.88,9.09,15.68,83.57,2.28,3.94,0.69,0,2023,1
INDY_5,INDY Corp 5,Beverages (Alcohol),702.31,314.92,387.39,232.31,84.26,20.08,44.95,11.22,0,2023,2
INDY_6,INDY Corp 6,Beverages (Alcohol),97.39,72.74,24.65,48.95,84.96,9.66,6.65,4.42,0,2023,3
INDY_7,INDY Corp 7,Beverages (Alcohol),253.87,138.47,115.39,265.59,85.65,36.73,68.63,8.84,0,2023,4
INDY_8,INDY Corp 8,Beverages (Alcohol),190.95,65.68,125.26,82.22,86.34,20.49,16.51,4.63,0,2023,1
INDY_9,INDY Corp 9,Beverages (Alcohol),385.12,247.44,137.68,298.86,87.04,56.83,42.82,5.27,0,2023,2
INDY_10,INDY Corp 10,Beverages (Alcohol),306.65,135.24,171.41,115.50,87.73,15.14,30.69,13.22,0,2023,3
INDY_11,INDY Corp 11,Beverages (Alcohol),538.51,398.26,140.25,332.14,88.42,80.37,69.14,17.52,0,2023,4
INDY_12,INDY Corp 12,Beverages (Alcohol),444.50,239.18,205.32,148.77,89.12,27.21,22.41,9.77,0,2023,1
INDY_13,INDY Corp 13,Beverages (Alcohol),714.05,240.36,473.69,365.41,89.81,45.25,99.77,8.14,0,2023,2
INDY_14,INDY Corp 14,Beverages (Alcohol),167.57,106.43,61.14,182.05,90.50,42.74,39.23,6.84,0,2023,3
INDY_15,INDY Corp 15,Beverages (Alcohol),911.73,395.38,516.35,398.69,91.20,70.05,62.97,27.58,0,2023,4
GGRM_0,GGRM Corp 0,Tobacco,269.85,197.58,72.27,215.32,91.89,25.11,60.37,5.31,0,2023,1
GGRM_1,GGRM Corp 1,Tobacco,83.72,44.43,39.29,31.96,92.58,7.27,7.12,4.11,0,2023,2
GGRM_2,GGRM Corp 2,Tobacco,394.26,129.81,264.46,248.60,93.27,41.88,41.08,15.19,0,2023,3
GGRM_3,GGRM Corp 3,Tobacco,192.59,120.90,71.69,65.23,93.97,7.14,18.77,5.39,0,2023,4
GGRM_4,GGRM Corp 4,Tobacco,540.83,230.55,310.28,281.87,94.66,62.10,64.87,9.41,0,2023,1
GGRM_5,GGRM Corp 5,Tobacco,87.19,63.19,23.99,98.51,95.35,15.89,17.00,4.08,0,2023,2
GGRM_6,GGRM Corp 6,Tobacco,709.53,371.33,338.21,315.15,96.05,32.20,92.98,25.72,0,2023,3
GGRM_7,GGRM Corp 7,Tobacco,160.49,51.66,108.83,131.78,96.74,28.08,31.29,4.12,0,2023,4
GGRM_8,GGRM Corp 8,Tobacco,900.38,558.59,341.80,348.42,97.43,53.67,62.69,13.60,0,2023,1
GGRM_9,GGRM Corp 9,Tobacco,255.93,107.21,148.72,165.06,98.13,15.67,20.20,11.40,0,2023,2
GGRM_10,GGRM Corp 10,Tobacco,1113.38,798.78,314.60,381.69,98.82,78.59,93.44,37.81,0,2023,3
GGRM_11,GGRM Corp 11,Tobacco,373.52,192.72,180.80,198.33,99.51,29.12,37.14,8.74,0,2023,4
GGRM_12,GGRM Corp 12,Tobacco,12.72,4.00,8.72,14.97,75.21,1.31,1.94,0.16,0,2023,1
GGRM_13,GGRM Corp 13,Tobacco,513.25,314.63,198.62,231.61,75.90,46.01,58.39,21.68,0,2023,2
GGRM_14,GGRM Corp 14,Tobacco,57.04,23.48,33.57,48.24,76.59,6.73,9.39,1.81,0,2023,3
GGRM_15,GGRM Corp 15,Tobacco,675.13,479.38,195.74,264.88,77.29,21.33,36.29,14.24,0,2023,4
HMSP_0,HMSP Corp 0,Tobacco,123.51,62.82,60.70,81.52,77.98,15.61,21.15,1.30,0,2023,1
HMSP_1,HMSP Corp 1,Tobacco,859.15,263.86,595.29,298.15,78.67,39.47,60.20,34.33,0,2023,2
HMSP_2,HMSP Corp 2,Tobacco,212.13,128.47,83.65,114.79,79.37,27.93,16.57,6.23,0,2023,3
HMSP_3,HMSP Corp 3,Tobacco,269.88,109.07,160.80,331.43,80.06,61.06,88.42,5.08,0,2023,4
HMSP_4,HMSP Corp 4,Tobacco,322.88,226.89,96.00,148.07,80.75,18.53,30.98,15.57,0,2023,1
HMSP_5,HMSP Corp 5,Tobacco,418.33,209.67,208.65,364.70,81.45,86.10,55.31,15.76,0,2023,2
HMSP_6,HMSP Corp 6,Tobacco,455.78,364.51,91.27,181.34,82.14,32.10,49.71,12.35,0,2023,3
HMSP_7,HMSP Corp 7,Tobacco,588.92,352.33,236.59,397.98,82.83,46.93,86.18,9.73,0,2023,4
HMSP_8,HMSP Corp 8,Tobacco,610.83,242.37,368.46,214.62,83.53,49.12,34.12,28.07,0,2023,1
HMSP_9,HMSP Corp 9,Tobacco,56.65,39.39,17.26,31.25,84.22,5.31,8.80,2.00,0,2023,2
HMSP_10,HMSP Corp 10,Tobacco,788.01,389.15,398.86,247.89,84.91,27.44,55.50,19.55,0,2023,3
HMSP_11,HMSP Corp 11,Tobacco,138.43,109.68,28.74,64.53,85.61,14.30,10.73,1.97,0,2023,4
HMSP_12,HMSP Corp 12,Tobacco,312.55,184.68,127.87,281.16,86.30,45.71,81.19,13.65,0,2023,1
HMSP_13,HMSP Corp 13,Tobacco,242.35,94.38,147.98,97.80,86.99,10.12,22.61,8.02,0,2023,2
HMSP_14,HMSP Corp 14,Tobacco,454.17,312.44,141.73,314.44,87.68,67.42,54.60,10.23,0,2023,3
HMSP_15,HMSP Corp 15,Tobacco,368.42,179.22,189.20,131.08,88.38,20.36,38.81,4.40,0,2023,4
MLPL_0,MLPL Corp 0,Gaming,617.93,485.07,132.86,347.71,89.07,33.47,82.94,25.56,0,2023,1
MLPL_1,MLPL Corp 1,Gaming,516.63,301.46,215.17,164.35,89.76,34.05,29.74,15.91,0,2023,2
MLPL_2,MLPL Corp 2,Gaming,803.83,307.10,496.73,380.99,90.46,56.43,47.02,16.26,0,2023,3
MLPL_3,MLPL Corp 3,Gaming,212.69,144.75,67.94,197.62,91.15,17.60,48.59,10.56,0,2023,4
MLPL_4,MLPL Corp 4,Gaming,34.84,16.69,18.15,14.26,91.84,2.85,2.69,1.36,0,2023,1
MLPL_5,MLPL Corp 5,Gaming,325.33,252.98,72.35,230.90,92.54,32.53,30.19,9.27,0,2023,2
MLPL_6,MLPL Corp 6,Gaming,131.93,76.01,55.92,47.54,93.23,3.89,12.04,2.37,0,2023,3
MLPL_7,MLPL Corp 7,Gaming,460.12,172.39,287.73,264.17,93.92,50.92,51.68,21.79,0,2023,4
MLPL_8,MLPL Corp 8,Gaming,251.17,169.08,82.08,80.81,94.62,10.80,11.16,9.24,0,2023,1
MLPL_9,MLPL Corp 9,Gaming,617.04,291.07,325.97,297.45,95.31,72.76,77.49,16.18,0,2023,2
MLPL_10,MLPL Corp 10,Gaming,118.74,91.46,27.28,114.08,96.00,21.17,23.15,1.86,0,2023,3
MLPL_11,MLPL Corp 11,Gaming,796.12,452.81,343.31,330.72,96.70,41.82,48.09,35.88,0,2023,4
MLPL_12,MLPL Corp 12,Gaming,202.41,74.34,128.07,147.36,97.39,34.98,39.47,6.98,0,2023,1
MLPL_13,MLPL Corp 13,Gaming,997.33,664.04,333.29,364.00,98.08,64.90,76.54,23.87,0,2023,2
MLPL_14,MLPL Corp 14,Gaming,308.22,143.12,165.10,180.63,98.78,21.54,27.59,4.12,0,2023,3
MLPL_15,MLPL Corp 15,Gaming,1220.69,931.23,289.46,397.27,99.47,91.44,109.32,52.23,0,2023,4
PJAA_0,PJAA Corp 0,Gambling,436.17,244.87,191.31,213.91,75.16,36.60,46.55,14.05,0,2023,1
PJAA_1,PJAA Corp 1,Gambling,30.71,11.05,19.66,30.55,75.86,3.42,4.89,0.66,0,2023,2
PJAA_2,PJAA Corp 2,Gambling,586.27,386.03,200.24,247.18,76.55,55.11,69.83,6.49,0,2023,3
PJAA_3,PJAA Corp 3,Gambling,85.40,39.03,46.38,63.82,77.24,10.46,14.36,3.46,0,2023,4
PJAA_4,PJAA Corp 4,Gambling,758.51,573.05,185.46,280.46,77.94,29.39,46.94,22.70,0,2023,1
PJAA_5,PJAA Corp 5,Gambling,162.24,89.88,72.35,97.09,78.63,20.94,28.14,3.14,0,2023,2
PJAA_6,PJAA Corp 6,Gambling,952.90,335.94,616.96,313.73,79.32,49.14,72.87,46.48,0,2023,3
PJAA_7,PJAA Corp 7,Gambling,261.22,170.07,91.15,130.37,80.02,12.72,22.78,9.98,0,2023,4
PJAA_8,PJAA Corp 8,Gambling,336.61,151.34,185.27,347.01,80.71,72.35,103.12,9.30,0,2023,1
PJAA_9,PJAA Corp 9,Gambling,382.34,286.03,96.30,163.64,81.40,24.45,39.21,6.52,0,2023,2
PJAA_10,PJAA Corp 10,Gambling,495.42,270.82,224.60,380.28,82.10,34.36,69.23,23.03,0,2023,3
PJAA_11,PJAA Corp 11,Gambling,525.60,181.42,344.18,196.92,82.79,39.63,24.51,18.88,0,2023,4
PJAA_12,PJAA Corp 12,Gambling,22.17,14.27,7.90,13.55,83.48,1.93,3.35,0.56,0,2023,1
PJAA_13,PJAA Corp 13,Gambling,691.01,305.58,385.43,230.19,84.17,19.14,43.59,10.21,0,2023,2
PJAA_14,PJAA Corp 14,Gambling,92.17,68.28,23.90,46.83,84.87,9.09,6.17,4.07,0,2023,3
PJAA_15,PJAA Corp 15,Gambling,246.25,132.79,113.45,263.47,85.56,35.56,66.99,8.28,0,2023,4
CPIN_0,CPIN Corp 0,Poultry (Pork),184.32,62.26,122.06,80.10,38.01,19.70,15.76,4.25,1,2023,1
CPIN_1,CPIN Corp 1,Poultry (Pork),376.09,239.31,136.77,296.74,39.12,55.44,41.29,4.70,1,2023,2
CPIN_2,CPIN Corp 2,Poultry (Pork),298.61,129.85,168.76,113.38,40.23,14.49,29.66,12.52,1,2023,3
CPIN_3,CPIN Corp 3,Poultry (Pork),528.07,387.27,140.80,330.01,41.33,78.77,67.33,16.55,0,2023,4
CPIN_4,CPIN Corp 4,Poultry (Pork),435.04,231.40,203.65,146.65,42.44,26.34,21.48,9.04,1,2023,1
CPIN_5,CPIN Corp 5,Poultry (Pork),702.19,232.02,470.17,363.29,43.55,43.79,97.69,7.16,1,2023,2
CPIN_6,CPIN Corp 6,Poultry (Pork),161.80,101.76,60.04,179.93,44.66,41.65,38.03,6.41,1,2023,3
CPIN_7,CPIN Corp 7,Poultry (Pork),898.46,384.07,514.40,396.56,45.77,68.36,60.99,26.10,0,2023,4
CPIN_8,CPIN Corp 8,Poultry (Pork),262.66,190.69,71.97,213.20,46.88,24.16,58.89,4.85,1,2023,1
CPIN_9,CPIN Corp 9,Poultry (Pork),77.53,40.67,36.86,29.84,47.99,6.69,6.52,3.71,1,2023,2
CPIN_10,CPIN Corp 10,Poultry (Pork),385.67,124.59,261.08,246.48,49.10,40.71,39.71,14.40,1,2023,3
CPIN_11,CPIN Corp 11,Poultry (Pork),184.99,114.98,70.00,63.11,50.21,6.70,17.90,4.95,0,2023,4
CPIN_12,CPIN Corp 12,Poultry (Pork),530.82,223.00,307.82,279.75,51.32,60.71,63.23,8.59,1,2023,1
CPIN_13,CPIN Corp 13,Poultry (Pork),83.26,59.84,23.43,96.39,52.43,15.22,16.24,3.80,1,2023,2
CPIN_14,CPIN Corp 14,Poultry (Pork),698.11,361.03,337.09,313.02,53.53,30.95,91.06,24.47,1,2023,3
CPIN_15,CPIN Corp 15,Poultry (Pork),155.15,48.98,106.17,129.66,54.64,27.20,30.25,3.80,0,2023,4
ASTRA_0,ASTRA Corp 0,Automotive,887.55,545.13,342.42,346.30,4.47,52.20,60.87,12.34,1,2023,1
ASTRA_1,ASTRA Corp 1,Automotive,249.18,102.84,146.34,162.94,4.61,14.93,48.59,10.80,1,2023,2
ASTRA_2,ASTRA Corp 2,Automotive,1099.13,781.76,317.38,379.57,4.75,76.89,91.35,36.00,1,2023,3
ASTRA_3,ASTRA Corp 3,Automotive,365.36,186.25,179.11,196.21,4.89,28.16,35.93,8.11,1,2023,4
ASTRA_4,ASTRA Corp 4,Automotive,10.64,3.28,7.36,12.85,0.02,1.08,1.61,0.12,0,2023,1
ASTRA_5,ASTRA Corp 5,Automotive,503.68,305.65,198.03,229.48,0.16,44.83,56.91,20.67,1,2023,2
ASTRA_6,ASTRA Corp 6,Automotive,53.56,21.71,31.85,46.12,0.30,6.29,8.78,1.63,1,2023,3
ASTRA_7,ASTRA Corp 7,Automotive,664.14,467.47,196.67,262.76,0.44,64.96,34.91,13.21,1,2023,4
ASTRA_8,ASTRA Corp 8,Automotive,118.61,59.59,59.02,79.40,0.58,14.94,20.27,5.85,1,2023,1
ASTRA_9,ASTRA Corp 9,Automotive,846.75,254.81,591.94,296.03,0.72,38.21,58.54,32.81,1,2023,2
ASTRA_10,ASTRA Corp 10,Automotive,205.81,123.38,82.44,112.67,0.86,27.04,15.80,5.80,1,2023,3
ASTRA_11,ASTRA Corp 11,Automotive,1051.50,418.47,633.03,329.31,0.99,59.58,86.49,18.51,1,2023,4
ASTRA_12,ASTRA Corp 12,Automotive,315.16,219.51,95.65,145.94,1.13,17.78,29.93,14.82,1,2023,1
ASTRA_13,ASTRA Corp 13,Automotive,408.20,202.07,206.13,362.58,1.27,84.40,53.49,14.88,1,2023,2
ASTRA_14,ASTRA Corp 14,Automotive,446.65,354.44,92.21,179.22,1.41,31.13,48.38,11.56,1,2023,3
ASTRA_15,ASTRA Corp 15,Automotive,577.38,341.85,235.53,395.86,1.55,45.37,84.09,8.84,1,2023,4
DOID_0,DOID Corp 0,Pharmaceutical,600.28,234.47,365.81,212.49,33.50,47.93,32.91,26.86,0,2023,1
DOID_1,DOID Corp 1,Pharmaceutical,52.18,35.96,16.22,29.13,34.61,4.85,8.08,1.78,1,2023,2
DOID_2,DOID Corp 2,Pharmaceutical,776.05,378.44,397.61,245.77,35.72,26.40,54.01,18.32,1,2023,3
DOID_3,DOID Corp 3,Pharmaceutical,132.55,104.21,28.34,62.40,36.83,13.62,10.12,1.73,1,2023,4
DOID_4,DOID Corp 4,Pharmaceutical,304.27,177.91,126.36,279.04,37.94,44.44,79.42,12.92,1,2023,1
DOID_5,DOID Corp 5,Pharmaceutical,235.06,90.08,144.98,95.68,39.05,9.59,21.73,7.49,0,2023,2
DOID_6,DOID Corp 6,Pharmaceutical,444.47,303.02,141.45,312.32,40.15,65.93,52.94,9.47,1,2023,3
DOID_7,DOID Corp 7,Pharmaceutical,359.72,172.77,186.95,128.95,41.26,19.61,37.65,3.86,1,2023,4
DOID_8,DOID Corp 8,Pharmaceutical,606.82,472.60,134.23,345.59,42.37,32.13,81.01,24.37,1,2023,1
DOID_9,DOID Corp 9,Pharmaceutical,506.52,292.43,214.09,162.23,43.48,33.08,28.69,14.99,0,2023,2
DOID_10,DOID Corp 10,Pharmaceutical,791.31,297.42,493.90,378.87,44.59,54.86,113.39,15.05,1,2023,3
DOID_11,DOID Corp 11,Pharmaceutical,206.26,139.10,67.16,195.50,45.70,16.76,47.26,9.99,1,2023,4
DOID_12,DOID Corp 12,Pharmaceutical,29.39,13.90,15.49,12.14,46.81,2.39,2.24,1.11,1,2023,1
DOID_13,DOID Corp 13,Pharmaceutical,317.49,244.92,72.57,228.78,47.92,31.48,28.97,8.67,0,2023,2
DOID_14,DOID Corp 14,Pharmaceutical,125.08,71.29,53.79,45.41,49.03,11.29,11.31,2.09,1,2023,3
DOID_15,DOID Corp 15,Pharmaceutical,450.86,166.13,284.73,262.05,50.14,49.64,50.18,20.81,1,2023,4